conv_id,n_turns,total_tokens
001ea1e9-93aa-4d59-b19f-eb11bb3aa312,1,82
003ccb1d-9769-43e4-b870-7434112a7cf6,1,99
00825f68-192f-480f-9802-d86e08e13766,1,199
00A7C772-1E7B-4540-A74D-8AEBDB266EA2,4,827
00EBC5C7-B8EA-4082-AF96-746ED720B980,1,176
00b572b1-9f37-42ea-a906-b7479ff90a29,1,189
00e416ab-ba42-4e08-aacf-88eb0f78716f,1,90
00ec8127-6390-4632-9f55-7125fa1a0b4a,1,116
0146472F-8C79-4C03-A917-744E78143895,1,118
0159fedf-5100-4ab6-9f00-4a0bc2de4e49,1,107
01657427-8f7c-4238-90bb-da4f805048b6,4,460
0166679E-1E93-45AA-B662-3F88A969787B,1,111
01B532BB-4B1B-49B7-97E0-4C51B86C065F,1,153
01b337fb-8849-4b86-bfab-498ab9423e66,5,1073
0213F540-C91B-4CFD-A0B5-BE17225C77B0,1,78
02215f09-b22b-4ed7-8941-db85f2ade63a,4,406
02283fee-0c14-44ef-8c98-36f285861a9b,1,105
022cc37b-e352-40ce-b060-52be123ffced,1,166
027b49ed-2221-4259-87b1-7347c36f0e1e,1,157
02f82d57-943f-4693-849f-9c6a0f8b54d0,1,84
0322667b-5134-48e3-b110-aaad9a33c94b,1,131
033831AE-FCDC-4059-B204-51A7AEA08E76,1,82
0374a772-4890-41bc-8a98-3c936832e8a1,1,165
03777B96-C55E-4480-8CEF-C3064FE51A60,1,92
03962e19-4d3a-40fa-8c4d-f2c953014919,1,108
03B727B1-571E-4A0C-B4DB-273AF384DE41,1,146
03C5D8BD-E9D0-4327-A337-E8BE3B6C89E2,1,108
03D4DEDE-B795-4DE1-B8FB-39C39470A7C9,5,839
03E442F0-8B99-4ED1-8408-27EAD2614D7B,1,164
03EED8BB-5207-4325-8EAF-70B3E7D02E7F,1,119
03F4203F-BECF-4AB8-832E-77510446EEC3,6,865
03a27fd7-4bf6-477e-861e-acb81fb67ef5,1,188
03afd16d-5deb-439f-9754-e39e113fe64a,1,112
03f7df52-3e1b-4576-ae09-0126fd6c62c2,1,187
041832eb-772c-43fe-af1f-3d202c1ba82f,1,114
045d6b25-f08e-41ec-bc0c-6b8d52ee156b,4,489
045da637-0fdb-4d30-86c7-29cebf8416fc,1,198
04858540-7d63-4218-8b48-444cd1e284c1,1,110
051779ee-d266-4bc0-9aea-fe40ab52260a,1,214
05395620-7449-4354-9569-f8593e34afc8,4,416
053AAC09-3E1A-4494-8C35-C7056FCD5752,1,150
053f9198-8d99-44b0-b135-10731ddc7321,6,917
05479337-8C7B-46BC-9AA8-3832E165A12A,1,178
0558bcd9-5106-4e16-addf-fd1964d78f42,1,168
0582847E-ED0A-4894-8B8C-B8B7BA418B78,1,160
058b90fc-a7c6-49b3-8e09-8653d48e2a8b,4,368
05B86212-80C5-4DB8-80A5-06DF2F2872CC,1,173
05a24d41-7a01-48fb-a8c1-ae43e91f1497,1,125
061F4B14-2DE6-44F7-8C87-E48F47977C6E,1,199
067a27b0-8111-43ac-9dc4-bdfdb5ff1432,1,91
06A5690A-B14B-4FED-89C9-C7CBF73357C6,10,1414
06CAA00E-ED07-4956-A208-A80135B10D4D,1,131
06CC9D43-6240-45CF-A12F-C2BDA673452D,1,135
072173A2-3A94-4AE0-B499-702B23A55C96,5,655
072430B0-D142-45A3-8D56-AADC1C032E92,5,1066
0753229d-addb-4692-8d3c-020df0578673,7,1069
075d04fa-e858-4d3a-b4af-8026c427771f,1,85
0770e099-31d3-4c76-94f7-de20385f6614,4,484
080b154b-8730-480d-b1a5-26e86ed96f6b,1,146
080bbadc-99ad-437e-b2a6-e8265673bba4,4,712
081ae2f0-9615-468c-8136-0d4931963276,4,651
0823E063-23D9-41F6-BB41-5E14587C4351,1,126
0829e0b6-d3cf-40f6-97f7-024ef3ac220f,5,526
085f4b0eebf911dd61d16afcaf1b093c,6,775
0862a398-74f2-42aa-8334-1a16c00100ce,1,144
086835d1-d0ae-4e37-849e-c1dea17cde61,1,139
086a0bdd-990c-41b2-bacf-0d1bdaf340bb,1,113
08865B97-7356-4F4C-B35C-581A97996AF0,1,72
08869C83-1F83-474E-9F2E-70CCF96D4EB5,1,170
089a16af-c010-483f-ac9f-38744aa65e51,1,131
08FD3C79-6E21-4C22-B845-047FAF290A96,4,599
08a4edae-703d-4918-878b-980ea4d82b51,1,85
08b0391d-9328-4493-9977-809922bedeb5,6,912
093e1c00-f6e9-4977-8917-c8b97ac502df,1,181
0949C613-D7DA-430A-B32E-796524BBB536,1,175
09739F6F-123A-422C-9CDC-AE932E42E4C8,3,285
0985682f-37a3-4a73-8d72-43859dbea0b6,3,576
09FD061B-BC2F-4152-870E-44962686A4CE,1,126
09f7d8c7-6bac-4807-82c8-307e1590922e,5,413
0A95C4D2-F733-4DBC-866E-A1BB51C27978,3,233
0AA4B6CF-3472-4A9D-85DF-24E3CC801157,1,110
0B00D470-A2B1-4E26-878F-286CFF96AF36,1,118
0B44BE28-2786-4275-A1B8-1FB3B4A72755,1,194
0B4631CC-3E11-4C67-BA58-36573EC26432,3,330
0B50F5C5-C5E7-42AC-BE5B-41BDBF0B80AF,1,145
0B577DC9-F725-4A66-BE6C-3F4CB6F6E828,1,79
0BDBFDC7-C7DD-4636-BAE5-18ADDED39FBF,3,377
0BFAA605-7FA6-4AFD-B5E5-53CD340593D0,1,169
0BFBE288-A54F-44F3-A369-2E3EC4ACBBD4,3,465
0C28CD2F-15D3-4D90-BEDB-FEA898C34DD6,1,79
0C32CE26-D2CF-4A3E-B266-4DB3BFAFFFB6,1,175
0C38320C-7A94-4F56-AE86-EA72FACBCBE5,3,379
0C3FD07D-CAB7-44B0-AC30-9E4F989F38F2,1,129
0C884276-F54E-4949-8483-154B0C3F88A4,3,385
0CF2DD36-A7A6-484B-868A-BE2508132BCD,1,140
0D15701C-4497-4D28-83B1-37A9451D6765,1,176
0D26DF19-A1F1-47FC-9167-47656372B590,1,210
0D3DFE2E-1CB6-4491-8BF8-CCE0029181E7,1,137
0D471BA2-E8FF-48D5-B119-0D1FD7E7E476,3,369
0D476C18-1044-405F-A454-1EF42893789B,1,135
0DB3BDC7-71C0-4B51-AE86-66420479CC18,1,190
0DD5F420-3ACE-4D08-9C0B-AEA3BE0D9E04,1,148
0DF60B8A-58DB-49D8-AB19-1398AE454211,1,103
0E2295A0-B501-47F7-A126-F6BD841C124E,1,173
0E8816CF-54BF-4B48-B841-D33C1B9D0034,3,364
0EB0D529-431A-4421-84D4-CFCBE3CF072D,1,72
0F213A32-FA4F-4239-9CDC-3023DEE1885B,7,1042
0F2A93ED-EF18-432E-97B3-6A47531DA9D5,3,314
0F57FADF-A9E6-4AD3-8FF5-6FD52BFC22A3,1,176
0F7996C9-75A5-42BA-91B6-F8B95C4AC011,3,318
0F8D629E-259A-4337-8FD1-964DB8D0AFC7,4,322
0F902B74-2D59-42D5-9A14-7CF35754B224,1,110
0a058d69-dc04-4e31-9873-7cec7d27ce84,4,671
0a2bb4b0-3a2d-4e74-bcb7-54f880c006cd,3,482
0a4b6a56-244d-41f5-91a2-ee778e2d3049,1,131
0a8dd68e-81e9-4499-8aea-a17ea86bca94,1,123
0a932e49-eea8-4ccb-83a4-7de59e692acd,1,66
0ae066ee-8d18-4bc8-bbaa-80452fcfc1c9,1,145
0aeaf418-7196-4054-b705-b44f989f488f,1,118
0af315bf-1cfe-4e51-843f-7e477fc9f0ab,1,128
0b20dda4-d0c6-440e-9046-55a699af6ab2,1,92
0b45d3a4-08dd-4458-b1f4-9c1c1d800e0e,4,571
0b66aceb-1504-4b3b-9c7a-ef22d547ae48,1,144
0b68e67a-0fda-40a2-b808-478071cfa316,5,860
0b7e5264-5a31-4ffe-abe2-699b76148066,1,148
0bc2506f-e45b-46d8-92f6-db64f3b18e82,1,177
0bdf9c87-2471-4f1f-b6bb-bd3793201ff4,1,112
0c517a83-a756-4d89-9968-80713727f599,1,142
0c80d91c-ccf4-4bb8-a8c8-ceee5f9dc312,3,304
0c90c5a1-d3a6-47f5-ac4b-f8e5abf58462,3,431
0ca0c060-3617-4263-b8f4-bb9d6e3b7c8c,3,457
0cad0bb8-2bf4-4643-bb2c-540e47ab5025,4,566
0cbceb51-f216-4da9-bf68-537d2bfb0e69,3,294
0cc6f94a-b2ba-4c5a-be07-0b180451a7e7,1,177
0d067ba9-7fad-463b-bc60-691dfd79fee2,3,280
0d1e23ca-7be4-4796-bf35-54ea1dbf2927,1,158
0d2ed814-4bfb-41c1-a404-45315aa36907,1,85
0d64715a-e0d9-4f66-a7c4-e8b23a4b63fc,1,123
0d65dbf5-56f7-4563-a371-1beeed0c5fea,1,132
0d664278-df97-4c70-a359-d6785373d288,1,68
0dfc0453-1e27-43ea-b022-087b5ed9824e,6,1142
0e3a9f6a-8c05-4bfd-a871-3414cf59540e,1,168
0e4efbe9-2f3d-4bab-9150-ee4142dd930d,1,114
0e7f0faa-c66d-481c-9a4f-9763e72fbbc7,1,124
0ec29b59-88d9-4aa8-8810-b97a3184792f,1,119
0ec5d692-c3bd-43d7-8511-b55a94c50ec6,1,73
0f1f5d5b-6d88-4d47-b883-29449b7795c4,4,723
0f4fcce9-0ae4-417d-95ea-72201eab4914,3,456
0f9a98ad-3948-41db-8ced-0863f420c038,1,164
0fa85ec4-c243-42c3-aa05-f5a0242e3199,1,129
0fba0232-1c0d-4046-b639-f292cc196a19,3,478
10067b04-779e-439f-b6d1-1fbc6f28a5d1,3,277
1018d1d8-4117-4f8f-8ecb-cfb5197caa85,3,576
102f13e3-743b-4fa4-8af6-d3e213e7a71d,3,441
105359A8-A157-443C-BCCB-EDEED72B4484,1,89
10682C71-0DFB-447A-9707-B5EFB3BE40FC,1,95
10883d05-8fbe-4574-b97c-0a11f2026834,1,149
109c39b6-f90b-44fa-ae98-8f9f605901f1,1,165
10A7AD9B-4744-4DDA-AA14-871D88AF6677,3,279
10DD0477-3E6C-4EFD-B0B4-D7F78C53190F,1,184
10EDBC95-9933-4AF0-8A2C-05C70D9E70A0,1,154
10df7e7c-edb3-461d-b1f8-6345c36e36c0,1,94
10f0db6e-2c32-4aa7-824d-8ad76d55c72f,1,155
1108E73A-7505-4214-8065-7B46479FEF0D,1,174
1115D611-3E9E-47BC-AEB9-D42D0DDA1A8D,1,166
11499714-0599-4D46-89BA-92373CACD7D8,1,101
11739b34-1bf3-41cb-a1b5-0d2541d9bbba,1,121
117f81fe-43e5-4b95-99b7-30b4bb78ceaa,1,80
11E73DAF-5806-48D5-A245-556E9AD7FC6D,3,286
11EAC384-88AE-490C-ACD0-810A382C4F99,5,625
12064979-6cbe-462a-875c-86354685448b,1,154
1233BD7D-2351-4F08-8D5E-5653A039A151,1,265
1235e8a2-5f42-45da-99ea-3ab19d2720b9,3,239
1250c712-052d-4f82-b282-addfa4f67d27,1,215
1252a5e9-4b74-49b9-85c4-fb79085e1b91,1,136
1259fb65-ac95-40ef-a0dc-d49a134ee6ae,4,882
1269F321-A79E-481A-BA3B-32BF1A82587C,3,473
1272f9e8-42dc-4ea9-b658-0915ec616c34,3,299
128ef92e-8ee1-4f56-9ec8-31955bcdb50c,1,217
129EDF02-1811-4DCA-AD52-AA08F3A4ADE6,3,496
12B42735-F7FD-4581-8E0C-B1D5490B894A,3,319
12BEB066-146F-4861-A186-DE013F5D9E96,1,121
12CE5894-EEA9-49FD-8705-72F51CFC11EC,3,602
12E52319-478F-4C50-8AF8-CE1D238ECB02,1,58
12F73FAE-C2B8-4401-AA6B-896F6BDC4A40,1,135
12F975A3-3962-41A9-91C3-86E42757EE52,6,864
12a012ed-5381-4109-b667-5be3975b0aa6,1,203
12a339ba-1aaa-4c0e-b374-bf1759a17032,1,130
12ad3bb8-2cb3-4cfb-859c-b4635c905cef,3,270
12e73385-f593-41f3-af6d-773efc61d38a,1,173
130A390E-80E2-46BB-BD73-70CC4DD4CCE4,1,208
1315c7bd-d653-4583-837f-634bdcc397d8,1,412
1337E1E1-9574-40CE-9042-5E6AA77C99A2,3,377
1351C096-920A-4590-9A28-DAC27ECD89C6,1,147
135B02F8-DC45-492E-826A-403D3740C602,3,377
137D3F24-9CEB-414B-9BC9-0E6FAD155B4D,1,89
138D1455-37B6-4F1B-9CC7-70714F9D7A2E,3,343
13f4eedd-302f-4a0a-af03-2d62883a13d0,3,391
1415ebbd-6f2a-486d-920d-333c55eb9b18,1,98
143d7dfb-4b33-491d-94af-5b11043a5760,7,1070
14976CD9-A708-47F1-8E2D-8A27C423B490,3,319
149FAC2B-364A-48ED-8881-C27AD26B3000,1,159
149fa0f3-3be2-4f3e-8990-0245763f15a2,1,69
14a2df79-20a5-4f4a-8161-2917473e4c2f,1,110
14cc74cc-2677-4baa-b37a-ad429a5160d6,3,290
14e6aef6-bc14-41a7-9ec9-ef303037a492,1,176
1552b317-8073-4c04-9681-65be009e6dbf,1,239
159be3da-9eb6-4c37-a580-f0488a3a85e4,1,108
15C65066-A06C-4D30-9248-DF8069375BEE,1,153
15CCEA2C-7717-441A-BE6E-14A09CED5147,3,223
15F5ACCC-9088-41D6-B5FF-18E507F678FD,4,299
15b4c2b3-258d-4331-a62c-5f46d5fec033,1,113
15da4437-4fca-48be-b973-a6245fe9c316,1,173
160dee7e-4065-4e94-804a-190fcb14cb53,1,182
16250c02-be71-4ca7-82b5-00d610b5d4d4,1,95
164c45ce-b436-4e24-b596-be4c83e53df2,1,126
168c13f4-992a-4237-94e0-9910150d5063,1,73
169D5640-E0AE-47F3-8F98-9187CFB6AF69,1,149
16c2105f-1a39-46fc-9820-79c49bb97192,4,392
16d95429-f4b7-4eb5-8e56-c1c0242d2dc3,1,164
16e8027e-a67f-402e-aa75-71e39a2539bc,1,134
1738187897,3,329
1738797488,3,576
1738798096,1,348
173fb58b-fb76-4974-a9a5-0b5e2545adec,6,595
17534DF6-6C5F-4D27-829A-A0D22FB73DF3,8,1314
175FE4C1-32ED-4401-8305-CAC0B64115D3,1,59
176cb71c-10e0-4d69-a993-9aa4f6458ac9,1,189
1773da85-ce0c-43a2-8268-7b796248d745,1,171
17A7CB75-289A-4BBE-A3DA-9BFBC11A081B,1,108
18104ecb-3386-4d07-9bba-45fd23c33030,1,130
182b9671-725c-47f0-9f1c-913db176a9b8,4,458
18467148-0321-425c-9475-72c89711cf39,3,460
18686ac6-6fe9-40ec-9ff7-ec6843b62aba,3,290
1876a58f-a9af-486c-ba5b-f44bdc8965e9,3,368
18E3889F-BB73-4E49-97A7-E074E72A5ED8,1,158
18EFA659-4356-4C2D-8B61-852DEE8CA5F8,1,108
18F2A478-E9B1-4E9D-947D-D0873A15D2C6,3,312
18deb002-5261-4743-b677-b5a557a86c90,3,115
18e06405-1391-4596-a8fa-3160e59e92e6,1,224
190263cc-c733-47c5-8523-db5adf88772c,4,942
1917a377-7fde-44e6-9cfd-bb9f2060663f,1,127
19257483-4706-442c-b5fc-c90b4a7fd045,3,132
19396c64-7c65-4ca1-8e14-a43f2a6d4b6b,3,376
1952A156-985A-4197-B43B-042EF6E2FE63,1,142
1999f101-5f07-4744-8edd-7a0007101df2,3,372
19FD9430-2D43-4CEE-B5D1-3DE49F36DDE7,4,601
19d406f6-f869-4be1-a324-056fa7a14d4b,1,92
19f4ac2f-7a02-42a7-8940-608aaccc3ca7,1,256
1A24DFEF-EC4C-4251-B66F-64B47DAE082E,3,475
1A2B3190-E7DF-4ACD-B111-884CE7785684,1,161
1A70AF43-CA16-48A8-B4F1-16A748FD8F7A,3,526
1A8FE682-F8A1-45D0-BE95-E258F2CB659E,1,83
1ABCD977-A9AD-4858-8892-F8EA6CD0E329,1,113
1ACA1C16-740D-4A1F-B933-E6CDB60FDB29,1,199
1ADC35E1-7B4C-446F-9FE7-8683B515F72A,1,180
1B0F0EE3-8FCB-4DC0-8334-08C1C5F552A6,3,503
1B13D667-AE84-446D-B964-F78038382C54,3,621
1BFF4CC7-7ABD-4361-B784-C8370BC38C2C,3,380
1C4DEAE0-D8E2-4E7A-8887-ABC58E7FD6C7,3,269
1CCF2A51-F290-4B72-9070-5A424DC86D34,1,99
1CE394C9-6614-4BDE-BEE1-AC5D6C602FBD,1,84
1CF7DAAB-FB6F-4889-AB1F-3461DC10CB03,4,492
1D08E589-859E-4FB5-98CF-B7C622675F0F,1,171
1D11264E-FAF7-4BF9-8FEF-90AA0F6C6D5E,4,504
1D5441ED-E883-47B4-A909-D8B807FD2B36,3,377
1D571EBD-2E3B-4F04-BACC-B183650B14B3,1,102
1D86D2F9-570D-4838-A239-2ACE39BAFE5A,1,108
1D8B519B-D695-4F4E-80EB-ACF9967A38D1,1,172
1D9880E5-EBEC-43C0-B747-057E1B187A55,1,90
1DA6EE78-3C3E-49E3-9DEA-4BA834900F58,3,375
1DAAC1BE-EF56-499F-A160-FF2B363A6D25,4,399
1DD34B02-326C-497A-BEAE-45422A9A8FCE,3,438
1E0E27D4-32A5-4B5E-982F-48947666425C,4,350
1E54AB60-CF0A-4792-AA54-24CC377876D7,1,111
1E70B2C3-32A2-45B2-B235-6751B5228834,1,102
1E7DB8C0-3461-495C-8362-824B2BF2B659,1,141
1ED279D3-641F-45C0-B822-2DAC2926FB75,1,270
1F024BD8-2D14-4D21-9736-72C12D71DF49,3,456
1F06092A-A5C7-4535-92AA-86E6EB992135,3,336
1F0EAADF-4882-40B0-9CB9-8D027879D4EE,4,511
1F2E641B-793D-43A5-9B9B-C3A68310F49D,1,176
1FC00391-4064-4976-81B7-0263FF63BD6F,1,191
1FFAFA28-9D16-460D-B457-4DC0955E4EE3,1,231
1a27068f-eefa-4f89-9578-ffdead0efc58,3,342
1a87f9e0-d542-4587-bc7f-f4004dcfd57c,1,80
1af2f9c1-d517-4bac-8da9-414b429a65d2,3,618
1b166c9a-505e-4aa9-911b-1c24c72fab70,1,76
1b316781-7dbe-4056-ba21-3bf6732f30bd,1,185
1b447e79-8b32-46bf-b8ef-d66eeb33e5ba,1,126
1b4b142d-5e37-4e75-9ba9-ccf99a91bb64,1,137
1b4ba1c5-9edb-467b-a60f-dd2c44664ca6,1,123
1b9c179c-e9e2-4143-8c7d-8a0e580c772a,1,111
1b9d9d36-9dcb-44af-b326-31a058c08d9b,3,299
1badd426-910b-448d-a21d-a596ad80b488,1,137
1bb5d8cf-7f44-4ba0-b94a-d7ea1fca603c,3,353
1c0e0638-64fc-43f4-85eb-4b854013f821,3,573
1c22acaa-d046-4dda-9f7e-296ca3e8c97c,3,538
1c40fd50-7ed3-4bac-99f1-f24ef40686aa,3,483
1c5f1628-892a-419d-8fad-7d9993e1a594,3,311
1c6d8f2b-199e-48da-a47a-33cc0bcacf08,1,167
1c9c6f11-410d-4d6e-91cb-395f161f477b,1,141
1cad6b60-aef9-4126-a808-b6867feaf535,1,171
1cc2aa41-f8b3-49ac-a765-8b38acd30fc7,3,404
1cf7919a-a5be-4085-9581-7e90406761f5,1,168
1da08e62-b57b-4f27-a68c-b9146dd44cb2,3,283
1da614d0-39a7-4333-a739-0f19b3a937c7,7,849
1dc99239-b131-4c80-83ef-20b0fef8f325,3,557
1e074f96-6d30-4502-b957-120eed4a3fcc,1,144
1e2dbaff-b0e3-449d-b720-1421833d033c,1,164
1e803efe-5bf3-4f26-875d-1e336090c449,3,358
1ef24255-470a-40d1-acc4-388e93ca1449,1,104
1ef2acf0-bb34-4e39-9f47-72f6d9d91053,8,1283
1f47e514-587b-4362-9ad1-95501f01cf1f,3,369
1f57d50c-32a4-474c-95b6-4c2628080e0e,4,679
1f70d796-8318-48f0-ac8e-0675ad118224,3,370
1f9914f8-52e0-43a2-bc35-ef88e90ac948,1,153
1fa293c8-8071-4d6d-a7b7-5280502e7ec4,5,958
1fad1fce-2c33-4173-9a52-1a71d48c5f25,3,177
1fb2b6aa-9887-481f-8020-3ffc31ea8443,1,101
20083e2f-bf2f-473b-af15-0d16591a7319,3,323
2031db0d-81f0-421a-8da8-4ce0d012f6eb,3,613
208d5909-266e-4607-bf1f-54a794271207,1,185
209e9fbb-9d35-4c3d-8f38-d62eb5f47e49,4,778
20C241A3-3C18-4813-BCCA-C7A9D0D2B879,1,123
20C43F97-CC03-48B1-B2BD-6262015DEDF9,1,125
20CAE48D-5CBA-49D8-88AC-1F221DCBA4D7,1,202
20EB76EB-BDC6-4A1D-B947-44EDD72E135F,3,232
20b20496-cd54-43a8-8d21-4a3c4612f27c,1,339
20b56742-74d3-4dce-bb96-fefa438ecca0,3,411
20da8ab8-f80e-47bb-a4b1-69c17a8e00d6,1,179
2116f003-42d9-4583-900b-9e8a8bb20d07,5,795
211A1041-874E-426B-AA8E-185178027E8B,3,499
2121078F-3275-46EA-8E6D-43590411D90C,1,130
2135bf4c-6d88-487c-98b6-14da34c0cc55,1,120
2137B2BD-2ED5-4F66-A0C1-CA4D58C53049,1,123
215b9bd1-1120-4054-b251-5f22db6c8051,3,292
216FB2D1-F1CF-4AFB-8A06-C1461DFD0D98,1,92
2174a5cc-5931-4bb2-ac9c-ab3a901296c2,1,168
21D9E4B0-3351-4F67-875B-CC2D2C1023E5,1,92
21ca636e-5591-4ce6-9213-660a39c51d58,4,547
21dc1519-f134-4171-a1c1-736d28f038eb,8,1353
21f4b087-4d75-4b83-862d-1f8696d95ade,4,568
22006AE3-3DBC-4B75-BAE9-7567500119BD,4,613
221B2A02-FA14-451B-916A-5DE70CCC3679,1,216
2243AC6B-7448-4DAD-8CAF-8AB8F0358D7F,1,188
2259fbce-5c2a-47c1-a433-c43e55fbbc72,4,435
22628BC2-FBC0-47E9-98A8-DF913523DFA0,3,260
229E5733-9885-4854-AF43-8EB1DA82AB4B,1,133
22B3F7D6-9205-4704-893D-07D469785B91,4,567
22b4a9bc-35e7-4fea-bfa6-573c3c4b1194,5,570
22b98c3e-d8ef-4bba-b1fd-52bf2d2c0dfd,1,142
22e25792-ea0b-4869-8377-45e725a212e0,1,144
2333F849-6120-4494-8C43-7B4F837CDDA7,1,194
237a21e8-6a97-46ac-9e18-007f88c1cd7a,6,1246
23BDF88F-DC14-42DF-A9D5-C295C68810D5,1,118
23CA48E2-2C5D-41E7-B2A8-2609C32621E5,1,95
23E45F24-F39B-4915-92B8-B4422CDE4EDB,4,474
23E800A9-2D31-43E1-A514-84FD3064E952,1,209
23F22F8B-7ED9-4B49-8075-500E1A4E9A58,3,388
23F606A5-8038-4F92-9F6D-068AA5781FFA,4,542
23e13d0e-23b4-47b7-a3f1-20b05b54fbce,3,333
241be26e-0e9f-466c-b5ce-3618c32b6f70,1,111
24424f6a-f420-46ee-be47-2de359bc341c,3,362
2472ba7d91ace40376c9265b34af73e1,8,1087
24A691F9-3D5C-4FAF-94FD-8ABB7D710682,1,163
24D10886-3E28-451D-BAA7-6B6159740072,1,222
24b4fc1d-8cd5-49fb-bbe3-430413730318,9,1030
251d4ae1-e6c3-4702-b95f-7a39a8804a20,4,472
254BC210-C8BC-4EDC-8B02-C9176A280263,1,156
25872d66-1faf-4e5e-87f8-fd6edd7a0802,1,107
25928DF8-62E2-4D1D-9F0C-B00D58262209,1,153
259372B5-80B2-4D37-A856-FCAD8E01AF50,1,78
26036d95f51b0b9303fd414ec8e03315,1,125
26130bea-1543-4de6-9c8f-4d8137555815,1,163
265857F0-389A-4533-B925-76A49ED44F8D,1,232
2659e2ec-1774-485d-95fe-a4caf05345f8,1,134
265e8826-2bc0-4d95-b0ce-9cb78616b7fb,1,181
26a3b783-ccf7-4eea-a723-68620c9c70f8,1,127
27036349-C1C1-4843-BFF2-AA8AAD24729A,3,452
27212ca7-0e1a-4a58-bfc0-75add0b27860,3,270
2724CF7B-5452-4B08-9439-C581264D6C34,1,97
276f79b4-ab17-445c-a631-1c6f100678cd,3,289
279FF6C7-635C-46A1-820C-07EF995E06EF,1,176
27E836FF-F731-43E1-8810-1FFCCC617225,1,112
27a5d673-e0a3-4b1c-a69d-76db1570d539,3,469
27df8038-7de3-4788-8c28-679ab76d737b,1,131
2830DB6D-48EB-490A-9A63-9256F81865FA,1,70
2847793F-35AB-4972-ACBF-FAD3EA4C5ABB,1,94
285cfc88-29f6-4426-b107-93e6cf8bb0bf,1,134
286bdef3-fd4c-45d3-aec7-2cea7a088371,1,95
287F2E09-F34C-4881-AAFF-C670EB74CA88,1,161
28861D33-ED2D-46CB-9565-8FA79EE3CE77,1,141
289CB102-DB1E-44F9-8421-9BBD5EEB92C5,1,71
28F503D7-D9F7-4ECB-BF9A-4472BCEFA842,1,122
29025545-4644-496D-8E42-2FF2DD4FFE51,1,175
29853F83-60AC-4B4D-AD82-217382C96531,1,181
29936FE5-4160-4F91-89F2-D6FD38346407,3,308
29967DA8-F2F2-4B0C-BA8C-3488E472FD59,1,193
29988c91-4fb4-4125-bf39-47130a7c2ecc,1,104
29ABE573-9493-4AF6-9EE5-E77B2672AB70,1,142
29BE8145-8D16-467F-98FC-0868EC5D78AD,3,472
29C42F86-F11E-4108-93CB-AB3AEE68DFD5,1,177
29b7c8ea-3e71-4d8d-8742-c069f7ba5073,3,547
29c0a20a-166c-4fea-ab9c-52c220ef45ba,1,89
2A00038D-CC50-4F15-A4D7-2559D01C904A,1,188
2B34F8D3-E04E-4B10-85DE-14A8CFA42176,5,545
2B4733C3-FA0E-417B-A2F5-34D22C100719,3,226
2B7B5134-6572-4424-A157-9B3C39CF99B4,3,557
2C287621-8D0F-4117-B589-FF582A4F336F,1,109
2C90ED1E-6272-4414-89E3-091806B1EAA2,1,107
2C9CBAFE-0F09-4623-981A-97CCCACDF7E6,1,196
2CC3C501-A489-49BE-90AD-3EBADD7710F3,6,839
2CD0C044-E6DD-41CA-9F0F-B9679DA1D69B,1,184
2D85DAED-94DC-4EB3-B333-C84007C33B40,1,130
2DA48B61-2B7D-446E-94A0-4B9A332CD83A,1,106
2DAD327C-BEBB-4AD0-8BA0-B830DE222EB6,1,100
2DE5867A-E756-454B-AB1B-848C9EDCCDF7,1,170
2E071DC5-C49A-4567-96BC-262B50B75651,9,1607
2E5AE5F2-446E-4F3D-9E2B-140500C50C72,3,266
2EC136E1-7769-4040-9ADB-BD22FA89F296,1,154
2EE6EDC9-0C92-4227-8422-D32FF3BBE671,3,270
2F4441E0-67CB-4907-B7E4-ECA206BBDA4E,1,134
2F79B254-6BC8-41BD-AA19-E3EFFB5E9477,1,144
2F8B8CBE-7B8D-4240-B14D-457B9DA25B19,1,244
2FE759F9-A663-418B-9C49-6E701A021CFA,1,166
2a3039cf-7b5b-4cd3-908c-223c0c4d4e05,3,261
2a5f2f5a-0d3b-4971-b461-ea37ce93cd3c,1,159
2a62c5fca0d22f4573a2d39f8405bc7d,4,587
2a82e2b05c94703aaf6ea1d5a54763de,1,155
2a8c80e5-8cce-49b9-a37a-495fd1418491,5,799
2ac60587-2522-4c49-b034-3e95bf465705,1,79
2ad70d24-e74c-4a71-80e3-6d782ed430aa,1,137
2af4ec5c-e904-4633-a024-91e6f5347c33,1,105
2b0eb005-6bcc-4ef7-8695-14b8df870d97,1,161
2b273dac-fa71-45e3-899b-64de7101c13d,1,148
2b4431b6-4e8b-4941-a08e-2500eea3ca51,4,543
2b7d40cd-74d8-4d4c-8ddc-6e16611c0b8e,1,127
2bcbf182-d1a1-47ba-b5ae-7cab2b304cd1,6,729
2c070228-21b7-4ba8-abfb-7f30d55a5d65,1,135
2c25dd45-cc4e-4154-8e85-364f6c40dba4,3,257
2c7c4ede-8e46-489c-a4cd-38ae0b7dd2b1,1,220
2cc40a82-0720-4d33-ac8f-f9fa7ef47c4c,1,187
2ce84cc9-f84b-4074-bbf0-052dcf189806,1,106
2ceda6ea-ddca-4f6b-a3bd-0619f185b454,4,738
2deb6ea7-c6b2-4ba9-9319-7dee705e5ddf,1,144
2e19ceee-b95e-4276-8998-aefe36a13417,3,289
2e31d132-cf72-490f-984b-0f1e2a120ca1,1,129
2e4f031c-f44d-4b8c-86e5-c0249e21fece,1,107
2e91f3d0-6bda-40e4-9d54-40c82bd86b0f,1,81
2e929190-5cb9-40f6-ae91-d0eae07ef7e0,1,112
2ef5f96b-d3e1-43c1-b873-78c5066149eb,1,203
2efc3413-995e-4b79-bb80-43c471010df8,1,159
2f053777-94b2-4b75-8c18-0e4b505c3edb,7,1246
2f158da7-40ca-48cd-8aa6-dcd538c6a3f4,3,291
2f3360f5-0252-460c-922f-c80f09d9f973,6,464
2f671844-52e4-4167-8311-1dff6e358bb8,3,241
2f8494e1-34f3-412b-a6ff-7af639633242,3,204
2fa185a0-4557-43ff-b056-b55da7ddf1a9,1,152
2fd95126-b897-4f29-be9c-f88c952753ed,4,634
2fdc2494-50f4-40ca-b3f2-c9ff5d10502e,1,154
2fe858a7-5624-4d1e-a4a8-86a94f67f95f,1,169
300040F9-FD7A-4C6A-8753-F4D497A138EA,3,588
300ba5d7-94e7-4b48-9258-83d8d8e19a81,1,172
301105A0-EF5C-4F0A-90DF-BE3BE3F6963A,1,93
30300449-ae49-49d2-9080-2a1ab12281e8,3,538
30438822-409c-4edc-9aff-99bfaea34a4c,3,374
304B1506-841D-4C50-8FEF-C5003151ABC4,1,83
309b9c52-4505-4f8b-8b25-b46f793d1151,3,382
30b587f5-9a96-4726-99fc-55683ee79fd5,1,322
30b5d653-56af-4529-bb65-9c9bed74ec12,5,564
30fe9b03-d9c6-493a-9a48-6b2cd798c7b5,3,334
3121e036-318f-4409-a8c2-d65bc213c97e,3,422
31290813-aa3d-46bd-a0a8-a8b2e32d374d,1,73
3132078E-FA05-4736-9452-90EDA79239B1,7,1055
3149894c-46db-4ad0-ac2f-f68b1eaa10ba,1,150
314DA8C4-16B9-448C-A67C-EA3F9129C629,1,144
31637386-3942-4bf6-b3be-4b7c227ceee2,1,121
317177ED-56E1-4367-987C-F21667AFC142,7,871
318D66F5-516E-4A33-8F17-3183ABE8E478,1,143
318e684a-2362-4b75-9ba1-ec191f4730f3,1,112
319F9CE7-905A-4075-B58A-C9808653F689,4,454
319a0902-5448-47cc-b258-f6839f5f312c,3,426
324f833e-d961-493e-b90a-435c3f613530,1,189
325b5e6e-5611-47a5-b45b-c299d860126c,1,76
32619b11-4eab-4d00-84cf-ea51b14b5bc8,3,383
32699510-a434-4422-8bd4-c22b056cb57b,1,145
3298A98A-4C46-4158-BA88-5B5D938C2055,1,135
32BAB646-EDE7-43F2-8B72-294335CF8863,1,106
32FB39D7-58F4-4C00-8791-372DC58BB52C,4,473
32FC6DB4-1EC2-45DB-8B25-1D93A8F3F529,1,183
32abcef7-cbad-4286-9996-90f95a28d1b9,1,118
32ad1856-d999-461d-bc48-ecb6c1d678dd,1,142
32af0864-b206-4565-b461-4d494e958fcc,3,541
32bffc87-b981-47c5-a2e9-a25f7cd38d02,1,98
32c016d6-60ea-4814-8063-b0b5b71cd0d0,1,128
333924DE-F9DD-4968-B11F-B77A95DD33C7,1,199
3349ae3b-ff4b-41fa-9fc8-18de38181aee,1,102
335E285D-F9EA-4EEA-8AFA-CD04BE14D179,1,133
3364df20-3385-4577-a01b-dd8d6ff92090,4,569
3371CEDE-4735-40FE-BC50-4165EFC0B392,1,158
3390429C-11F8-4E71-8CA8-F7A93BE7E3B1,1,102
33A8817C-6959-4632-AD55-16B7798D1A7A,4,763
33D8EBE3-7039-42C3-B013-DAFB47158A46,1,241
33a96d78-82ba-4847-af89-df8208d88bcc,1,168
34280b89-5eae-45ac-9bad-e9c5ac99b7a8,1,296
342AFE95-44DE-490B-BBCC-9529DA237EA4,1,111
342D5260-256C-476A-B39F-EEBB0EE83DC7,1,142
3472ff3c-f338-466f-927c-3dac0ca65538,6,607
347d8a65-d507-43b3-9f44-f21acd2c4525,1,221
34FAC21C-A3C9-42E8-9EF3-8D5ED169AAE4,1,162
34FCA9DD-B191-438F-9FDC-9A25F721A312,1,107
34c4f981-9089-42b1-b7c0-2322a5d11488,1,158
34c95f04-6cc9-4ad5-bf96-2813175244e8,1,95
34ca60d2-554d-47b2-93b5-2fba7d5c9de8,3,531
34d3ee7e-d89d-44e5-b2b3-90987cd8190e,4,627
34f0d188-1a89-41d9-b3c9-a688fad398a7,1,177
35BCD7E6-3853-4F4C-8BC5-281B46195A37,6,579
35C8FFEA-555C-40A6-BB7C-93DFFFFBBEF8,1,119
35adef04-1dde-4d70-a5c5-f6958a9e30c5,3,453
35e03719-21f8-4f03-a51d-9f5649078b69,1,149
35ed03db-1400-479d-92fa-5778c39199aa,5,711
361CCB3A-7AB1-45CB-A62F-5297087C5CB0,3,416
362BC565-2FE0-4406-94FA-EB31B8877C22,1,146
362C4E83-52C7-491C-86F2-B919B6300549,1,134
366ef47b-207a-4751-95a6-2b6415e8cff0,7,1182
36C68B74-A6D9-4D69-8A6A-C8A9E93845F9,3,382
37000e24-7d05-43c3-a627-aa45bce58674,1,132
370061ba-7107-4f96-832f-f86aea01ac2d,6,710
37091c72-a7bd-499b-b4d1-fef09568f1f6,1,128
373DB27B-FA91-414B-AC5F-59B2327E7CA4,1,92
374CA872-710A-4120-B29A-AD9FFEB8E807,1,169
3793462a-2cdf-4f22-a3ce-c484e19ae589,1,193
3796F059-6742-4EA7-86B3-C3EB80DD1846,1,165
37ED1959-0BF6-4A01-8FA9-5912BBB3D53A,1,92
37a9e04f-7424-4ccf-9ca6-b41902882f02,1,195
37ac7527-fd61-44a7-9145-4c7453bc7bba,1,186
38002620-ecc4-4deb-8444-1fda0ee6fa24,1,157
380ee595-3133-42a8-979d-3ea77abeaf35,5,605
3818fa69-ee1f-4632-abe8-4f3762f55bbd,1,143
383b7fd6-cc1d-47e5-9f15-ab3c04f60a45,3,242
3843F1BD-5815-40A2-A28B-87E20CCCD7F9,1,132
384A119F-6553-4551-B17B-501C3280E064,1,97
385F7D80-3B90-4467-9B26-9A6692F5A4C4,1,165
38A4CD08-5BCF-41E5-810B-C3A5106AE87F,1,116
38E71176-190E-4F54-B93A-4BC6B5D3815A,1,261
38c5089e-2ee2-415a-b0c2-b252414f6f55,1,199
38da6f4f-3bb1-476a-8f7b-ddc30dba471f,5,870
38dfef57-7714-4863-bbbc-92dae63467b7,1,105
3909b1c3-e168-484d-9ffa-9cf9da7f0b68,1,164
3927AE9D-549C-4654-9F70-92C223B2457C,4,968
39501e1d-9d18-425f-8bd9-d855cc3b0f92,1,154
399bdc1f-d069-4091-bed9-ae2c5544d7d9,1,138
39B08974-13F4-4AF3-B364-0504FCEDA0D5,4,438
39BFAE2E-D2AA-4DC6-9390-548D87928F13,4,644
39F25EC3-1764-4958-B774-8C2C9BF2A0D7,1,97
39FC67EC-4886-4D54-AC45-059B5A359CA2,1,148
39b52a97-7afb-49fc-990d-bbead5ba2d6b,4,507
39fb9efe-e595-4032-8588-05d5fa12ba66,1,113
3A33B41F-7FE6-4A29-AE0E-638391FD6DBC,1,65
3A3CEB7D-B381-4622-9F8D-C5E15DDC9CD0,1,139
3A5F2C39-2D5D-4A2C-B21A-B9957493CBEE,1,50
3A6640AC-94E7-4C4C-9EFA-775CD6040408,1,150
3A74513E-F788-48B1-B9B5-D4593518D63C,1,138
3A81BEB9-0347-4981-8C21-A29350955CBA,1,123
3ABCF519-224B-4A33-A53F-732492CD4D0F,5,615
3AFEB16D-CBEC-41E4-A452-965F52C9C757,1,158
3B2D66AB-1AEF-46EF-BFA1-962DCA9EEB68,1,113
3B67633F-A745-4D5E-B36A-4C6265FB0897,4,487
3BAF4724-1B13-493D-BFED-28B833B44941,1,129
3BC45B8E-78C8-4EBA-B1EF-9595DE8AE28F,1,107
3C6F2BEE-EB52-40FD-A276-28BC90D3E718,4,420
3C869086-6FA0-4F1D-87EF-C49203929D3E,1,131
3CD9095A-F994-44E8-968B-E4019694576D,1,84
3E0A6D9C-FD62-47B6-AC6C-4A6524D487AD,1,185
3EB53ADC-4991-49B3-BCAC-B1DA194C41B5,1,150
3F145E82-E1A4-4B3D-907A-F90AE94C8DAB,4,451
3F5C07AE-D3A9-4F1B-A574-4341E6AF631B,1,82
3F6B9CB3-6F25-424D-B17D-06B7CAD0ECDC,1,111
3FB024DD-DBB4-41E9-B17D-5DE76F6693FC,4,387
3ae1c1ca-8779-4b45-92a2-f1c546fd89f1,1,132
3aeacefa-d192-45b9-ac50-04f0eb39b833,1,87
3b631525aa5b5695655f2e9eff6d7dbc,1,95
3ba52330-1641-4ac7-9e61-2a7c016a5bc0,1,188
3c875226-5f47-4d46-aff0-1b20a10e07d7,4,489
3d594b0d-9412-4446-9346-a27f80b13740,5,438
3d68c769-49c3-4abd-b957-bc391dabf220,1,105
3d97da36-5932-4e1a-8513-30d52ae7f52e,4,793
3ffd43f6-0d6e-4e1f-8df8-ba497b85e90b,1,139
3ffd5b7d-bc85-4de9-a3a5-3e47fc287b1f,1,207
403FB5B5-1217-4AA7-9A92-E163998DC195,1,181
403e38c8-9c0f-4f18-a7b1-9fef04fd4da5,1,214
4049ECAB-6CA8-4996-B232-3FF3A30BFE79,1,123
40B24612-BB0E-41AC-AAEA-E5962835DC09,1,157
40C1DBB4-7B51-416D-9A1F-7F800B31E211,4,315
40FAB94E-4459-4CDC-8D4F-3CEFF783DA9F,1,156
40b9d005-8c64-46ca-a282-2184ce8a40b0,1,141
4115b5b3-eec4-4305-9ef8-a04ce48d8d16,4,543
415AFEF4-5C9B-462C-81F3-1A74B2AC9AFA,1,153
415a671d-ef95-4618-be89-da05cc8ea0bd,1,124
417CB20C-C92F-4F57-9366-870891DC0CDF,1,155
41870bdb-ff9c-41e2-b9b0-29ad7dba1ea4,4,462
41984586-4f35-44ad-9f66-21f988a9866d,1,171
419d9a88-ce40-49e2-a1e0-a3d5a187c565,1,181
41D32F62-38BC-4C02-89CD-AB0B83FEC681,1,135
41DE9B35-1DDA-4731-BCEF-F1EAE850FC6B,1,92
42151a47-ddbe-497b-a9c1-11f6560553c4,1,116
42309d56-fe66-43ec-82c4-1065a46fe338,1,216
42331F68-6183-4CA6-881F-065F68381893,1,165
4239AC2B-4F95-49A2-BF34-C799417EAC8F,1,127
423F4DD2-6514-45D3-AB48-D8F75584E08E,5,997
425C3EFA-A346-4B49-B3D9-D1CEB203DF88,1,134
42727fa2-5ccd-47b6-a043-ea3e21a856f0,1,73
4294d51c-9f2d-4687-a642-90a8dd7ca5c7,10,1376
42973895-0f66-4744-951b-c639264037c2,1,95
42B6293E-8780-4209-A1E8-986ED695911D,1,88
42C7B2FB-B4C3-4DAD-9AC1-8DA22C5E85CB,4,910
42b315d2-7e65-40b2-83a1-72c6ef67f191,1,83
42d35395-f2e8-4ccc-ab6b-3f2d82003eac,1,164
42dfa16e-7244-4e27-a465-27e3394035b1,1,184
42f71534-8361-46df-b498-aa3f6741aa4a,1,202
430693b7-4af9-40d7-bc8a-8db4b3972ad1,1,132
4328CD75-21E4-4B36-A4D9-A20324705C87,4,411
43439245ab77e506c82fdf8b2a6571f1,1,69
43553246-be9a-4875-8379-d013e47b24bf,5,798
436b76a8-45af-4880-bd65-e5cea113e846,1,72
438D1FED-E993-46DF-9EC2-3DACDB4D2541,1,56
43efca2c-cca2-480b-a0f7-793e2c61d158,1,157
443A1D94-ABE1-47FF-BB90-3011BE132A0C,1,176
44430921-DE98-4F90-9820-F457EC067DB7,1,106
44B1263C-6A90-4654-83DD-A644CB92EC44,1,154
44C68222-0A52-4875-89AB-353FB14B97E2,1,157
44ce98ba-1132-4be5-ae0d-4e71bcc14a8c,1,148
44df25ba-8cb9-492a-8800-a7780cd53bb7,1,202
4531412E-FD01-495C-9C43-C0DA73CA713C,1,124
456D992E-A601-4DC2-8769-270EC4F212FB,1,139
45A97919-6756-48DD-8A55-A433C34913D8,1,159
45DFB752-1ABE-46CF-BF3A-BD1BAD94E252,1,93
45a8feac-7a20-404b-909e-8e592b08c4f0,1,86
45c88a4e-b7cd-4449-898d-01e6ecdc3b0b,1,76
45e0dda3-f25e-4c33-972a-cfc64d7c3acc,6,960
4622bc58-f80f-42c4-a0a8-e62f58cdcf4a,1,140
46472086-64bf-4724-8e2b-928edb0db70c,1,243
46748d52-5012-4a30-a129-2f851dd0fc3a,1,87
46764d09-8dbb-425c-b825-1bcafefef5cd,4,439
468CF1C0-43C3-45FF-9AD3-6AB090140C3F,1,156
46D8111C-617C-41BA-8838-2256CFE3F943,6,661
46F1DE73-C51D-4BF3-9F79-D6B433CA4C3A,1,149
471B32BF-E8B2-4A97-8768-27E36817DB3A,1,130
4722f0e7-441b-4a74-9dc3-0f3cc16b07a3,1,100
476ed9a6-7b04-4957-8926-55bc8a00239f,6,901
4776BE7A-40BE-4765-91EC-5BE20208FC1F,4,349
478DC525-E25E-4A03-BFAB-A28210665268,1,239
4796A975-E253-45EE-8CA3-48C0F13496B8,1,191
47D1C88A-B5F9-4DD1-967C-D225BB81D219,5,455
47DA2FAC-7515-41BD-AD8E-E05CD4A3691C,3,553
47f94835-59e3-4ee6-9de2-a08dc4a19c86,1,188
484BA54A-4E92-4AC1-B20C-9BD6587793E2,3,405
4852b70e-ff7e-4322-a279-3807656e28cd,4,681
4858f18f-0646-49c0-8672-07253454016a,1,154
485DCAB9-EAD9-40E5-A204-E49F1E3D6126,3,405
485ED0E6-CB0F-44C8-BC51-9D4FE0CC4D88,3,325
489BF8EF-90C2-4873-94F3-3D9F93FB0459,1,118
48E7EC1D-FDE1-4F95-9188-DC4DCA627582,1,121
48e28c65-ba7d-47d1-b41b-cc9ec93ca009,3,449
490a5405-a229-47f8-b950-695960e9d14b,3,412
4933058d-80f8-4118-9a3a-82d8d9e9c08b,1,49
49378948-8848-4BC3-9C86-34DA13988F0F,3,381
49408F60-FDC5-4E27-A891-10019D665A1F,1,158
49438c22-3a32-4014-b93a-900a986913b0,3,341
495ae1e1-0038-486f-8205-3c78db3d7224,1,84
496916C5-0CE3-4859-A785-8E4B3AB537FF,1,79
497298E2-5311-4826-AF63-79035864745B,1,61
49741D79-A41E-4D99-B775-1F06BD7A9BDD,3,205
4974b66a-264b-4d91-b2be-3773b368c960,5,534
497bd70e-522f-4583-8d1b-51503e6eda2b,3,259
49A7F3AB-EA6E-4FA6-9559-29F0226D86AE,3,289
49F79B8E-A300-44A3-93E9-741973556230,1,89
49bf32c0-b492-44cb-b66e-72f6cfbba6e1,1,89
4A045B94-19B7-4CAF-808A-E00169C5898C,1,126
4A406C94-634F-4438-89D6-4BA0B312EAF5,1,184
4A410825-A07B-4977-9BFA-E531F92B080D,3,465
4A42CAB4-1200-4D53-9F2C-10667A453E3C,1,152
4AA497AB-360A-461D-AF0B-77E87319D012,1,148
4ACD127D-AF9A-4B0A-B461-2E72C7650B34,4,321
4AD7E386-1963-473D-91B7-058EC27463E4,6,768
4AE19E1F-9F7E-40A5-A37D-354903F9CF08,1,137
4AFA5209-379B-4125-BD38-0A663F9F2A68,1,110
4B1208F1-920C-47F6-9A42-586A3A266A83,1,170
4B1827A5-7784-4F84-AC75-5304A7ABDE69,4,582
4B3B9C2B-FE99-42D5-BFA5-AD5661183D7B,3,408
4B68801C-170E-4AD3-B459-295DCFAFB08C,1,201
4BF6E44C-0891-4566-9408-647AE6DE24FA,1,78
4C373092-1955-4A77-B403-127E7BA3614C,1,113
4C3C697A-FD9D-4684-9781-11386D580E98,1,116
4C45790F-DB0C-441D-AEDF-8C0B595EF69C,1,118
4C4C2C68-BB25-49BC-969B-1601CAA589FC,1,145
4C73337B-BA08-4ED5-870C-F4184B307F54,1,107
4C981593-C502-487D-9A08-386B096C7AB0,7,999
4CCAFF6F-0A5E-4090-9BFD-402F12025F99,6,703
4D088ED5-18A9-40E6-B474-D9485D86E2F4,1,154
4D0D5993-C177-4D33-BCE2-140C2BDE66BA,4,639
4D25FDBB-5B24-49B6-A5BD-0941B94B3615,4,479
4D578519-09A4-4E24-BA1A-CE6AE75BC7C5,1,154
4D6AF4F1-AFD2-4723-A7FC-F8DD7CAC0BD0,1,150
4D6EF714-F261-47DB-A824-1EB711D004F7,13,1542
4D8E43BD-85D8-425F-98B5-054878AC4421,1,158
4DC24729-42F0-4295-BFCD-C84C82A814E4,1,167
4E4D767F-4DB4-4AA4-AE08-DEBC05E018C0,4,752
4E50FE19-FF44-4BEE-A949-2BD95806D724,1,168
4E84980C-6BB6-42B9-BB22-221A7C068DD9,1,133
4EC07F79-882B-4D27-9BEC-F2C2F72E5861,1,174
4EC2E2F1-BBE3-4FFB-8F96-7A488A49E1C4,3,571
4F727F67-E996-4C35-A48F-C88310D7FE5E,5,545
4F7D8D67-46DC-4B98-9C99-9C96393E730F,3,700
4F846157-4F97-43C0-B883-F89EA1F91E93,1,88
4F879972-5B7A-4F25-B84F-432AAA5450A6,1,73
4F8D0C43-F252-40CC-B4BC-4E3E8637C41B,1,151
4FCD536D-304E-47AF-927A-9D3F72075677,4,513
4FFF41A5-2D4B-4085-B9FF-A00E1B148734,1,195
4a9394b1-781d-457e-a14c-4091372f79f3,3,538
4ad55e33-ceef-4922-b260-29cc14bb4fda,1,164
4b54ecc8-843c-4d2c-a228-6b3daa848863,3,313
4ba4fe7d-6019-4482-8f4f-dcdf591fd0fd,1,73
4c4822ed-9391-40d7-82ed-0bffdffa206a,1,265
4c700697-73b3-48df-a4cb-2b501b7f986f,1,160
4c81be7a-ae82-4375-a7c0-a33f7089b4ed,1,116
4cd27921-bb3b-40b9-a1f5-e8def6378828,1,166
4d00cd56-58a1-4b43-bfb6-be1f3b004dba,4,685
4d0ec423-6194-4f0c-ae20-2984e7fc7a08,3,977
4d42c20e-9b91-4a54-b739-65edba079d60,3,375
4d4f183b-30ec-449d-9c9c-113c17d4f520,6,759
4d939289-c658-4d2d-94c7-5b2ea0532bf0,1,111
4dc6ea3d-6b8b-4510-afe8-1883b7749dbb,7,1073
4dd31ab0-3d5d-4ef8-b44f-69168102b6d3,1,148
4df506dd33babb15069b7f7ea8181d0e,5,414
4e0484e5-11f2-458e-8907-29044c9bf9dc,1,115
4e0a9cfb-0d57-4c5c-948b-241de72e3c72,1,63
4e166055-92aa-4040-8ab9-c4e2ed240faf,1,69
4ef1ac92-5b80-418b-a990-12f98cba54c9,1,81
4f4516a2-8faf-4f15-938d-60d87f99c41e,1,97
4f9fad46-f8b1-4a15-9833-6483f5e6cfb2,3,273
4ff9ee1c-e08c-4584-ad6c-dce50fc3f63d,1,107
50215473-8c2d-4093-9063-da3840127073,1,149
5021F574-8038-44AC-8769-877D11B9A7CA,3,490
502bed172ddf6d7134ed34a54613289b,3,264
502ed6c1-39df-4770-aadc-9b418af6760c,1,143
503382ab-2d3c-460e-9c03-c9cc88545282,4,442
505598D4-36BC-4A41-BA17-A53FF3F8504E,4,656
505a72dc-bb9b-46be-9eed-66415d42e3e2,1,72
507a04e2-677a-4944-864c-d57c24908326,1,262
50DBCF48-4C6A-4D25-B587-88C098E86554,3,383
50EA08CD-99AF-48C3-90FF-777478AD65E9,1,137
50b98d31-4f51-4d01-aec5-39a46d8c28f3,3,470
50be7f31-7aab-48ad-af5f-bb240658a7de,1,194
50bfd590-2822-42fb-a941-a9b34a119ec2,1,132
50e547e6-d677-4ea2-a0c3-55e5a70c624f,3,355
5102F730-88A4-4CCC-BBBF-4BBEF6AE7DA6,1,107
513EC8E0-E6C6-49FF-A3C9-CC7ECE1AEF8F,4,678
513ae432-a61b-4b7c-8e6b-34a5cccd18a4,1,145
5191a8bc-aa35-4110-a231-668e891cde70,3,387
5199A2EB-0F84-47FB-AE13-376DDA013A17,1,176
519defd7-64e5-481b-b487-6421d819990e,1,265
51B6B281-759E-4C8F-A9DB-C50FBA4D335C,1,112
51C7D16A-646C-48BF-9F3A-5E678AF96C68,1,177
51c42af8-da09-40f8-8221-e52930d943b5,1,116
52093a26-830f-4d76-9c4c-448907742fe2,3,192
521c798b-f71a-429a-a1e9-7739614b17a0,8,1377
52206f7d-d4aa-4ef5-9a0d-78c3a25fe978,5,526
524655d5-b425-4570-b376-5d8447896427,1,150
52713F09-CA75-40D3-9E5D-D8D1E600E600,3,285
52D54492-8ED0-425B-9966-084C353D44FB,1,119
52DBCC1E-7DB3-4279-8297-6DFCFEF36122,1,116
52a38c0b-eb9e-4c10-8e33-190323901575,3,571
52fd6731-bf18-4cc4-a1ad-8fbd4c6fda70,3,308
5346146B-B180-4088-B1F4-443F0E79A6F8,1,184
53498892-f27d-4aa3-a4e2-aafce57123dd,6,1130
53573B39-53BA-436E-A248-FE32FE243C08,1,174
537578E2-B6AF-4D35-A9EA-B3CD755F9915,3,818
53C43A69-DC9C-4CF6-850B-9F6E5144ABAE,3,377
53C7758A-B2C8-4F96-B364-0D69FF5DEE71,4,320
53ab9c9d-80fb-4375-a2ba-6bfc84c3cdb6,1,72
53c50757-6175-4ac3-8e36-cbf4c7279619,6,1207
53cd3d6b-70ea-48a8-9a72-fbc541eaaea0,4,587
53d592a3-2ce9-476d-a85f-5339dd482a7b,3,429
54005EFE-8F33-4D07-A005-9F5C97AFE268,1,116
540ab0bd-69d4-4154-84ee-0276144b80d5,3,431
54143EBC-10F9-4194-A90D-318D81791C98,3,516
54494900-7aee-4d90-900d-ffec0530a5f4,4,516
54887bf0-983d-4cba-bace-a8c903565841,1,115
549945fc-9095-40e0-a208-7af2555d56d7,1,80
549DAEDE-80DD-4CE9-A30E-EC52062625EA,4,644
549b88fb-a4c2-4f20-b818-8bd4cb4ee493,5,843
54e0ba28-34e9-43c2-b153-2a2610833d2f,1,211
54f0602d-6376-4603-8658-6108f676045a,3,239
55238C65-F2CC-47D9-B6C1-47A11D30E463,4,661
553CEB9D-2647-4466-8994-4ACC71750F1B,1,206
5572c780-c378-4f0f-ba3c-0bb93f93b986,1,149
558cf8ac-c4d0-4a04-955e-37ca3baecb95,1,171
5594eeda-9689-4652-b845-c32e58f28ef4,4,723
55AA64D9-29AA-4288-B24D-6FFC157C43A8,3,284
55C3CFFD-6BDC-4FE4-9431-DC0AE5BF84A2,1,158
55F0E660-8B28-436C-85C0-DCD232C59F05,8,840
55e5b118-2d0b-412b-b4af-6fd8ace15a02,1,283
5613C0DA-A805-4965-AA42-39E2A40EA7C2,1,218
56369223-bcda-47c7-b670-1e21df0f1efc,1,203
56447e4e-1b4d-4619-9da6-32cc88c4613a,1,159
56626c6f-6b0e-4e4e-86d1-5b34374de2a9,3,613
5669ad72-cf60-4a98-b6bc-95cd07416b20,5,736
566B5ADF-B8AE-4968-9686-B0D4B367ECCF,1,114
5670df3f-cfda-48c5-95cb-e38aad16baee,1,124
5672F94C-84EA-4AA3-B2B5-6D985EDE69E5,1,289
5676bce5-7220-4d50-9c35-e95180aa3c7e,3,306
569E53F1-89E9-4DDA-9FA3-C106F2109465,1,179
57296828-b50e-4780-94a7-ceddb58bcd6b,1,79
5730F7D0-0870-47FB-9FA1-B578A06935C9,3,710
57381a0c-9ed0-466a-8ace-1f4280009e27,1,96
573D7A56-F671-4C96-945B-DC8ED6D75AD6,1,129
5754EE4A-69EE-48A6-BAFE-7DAF57F72120,3,402
579abc44-5f3a-4efa-bfee-2b6816caef27,3,332
57F4C81F-E425-4151-9DA9-060F6A17ED18,4,485
58206117-1b27-4b29-999b-c57672b77f45,1,155
5830e522-f611-4f9d-a7ef-bd1cd95374bf,1,192
5849F5A9-9558-4A08-850B-F796A2FCD767,4,578
584a1cc1-7abf-401e-81b2-dd2952c917ad,1,77
584c2d4a-1e8e-47ce-b3aa-1a3669350033,1,134
586994d5-1314-44b2-94bb-f7aa8e8406c3,1,141
586C00BE-FA53-4860-B9E1-F95E7503546B,1,132
58707E74-1E18-4485-B36A-FDB40FB36C63,1,162
588B62F1-FCFF-44CE-A2B7-58F00992692C,1,99
58F874C4-0758-4DDD-B622-F0B5214C1F8D,1,79
58d0b54e-1ff3-435c-8b63-b5812ac8216d,1,241
58eb9369-8279-48d6-80f0-71ac970cb2c0,1,135
5916fedb-eec8-45e7-bf13-069dff86d224,1,85
5931d791-6bfd-4b3f-a0c8-8390272b5170,1,134
5933957b-e67c-4dcf-976a-0a9cd488d1fa,1,158
5935FEDE-8F44-4C27-9B31-8039B03A9CB3,5,860
593eee3b-48ec-49d5-a43a-6c2291dfff7c,1,112
59617828-3b8e-4e01-80aa-7147db1645f3,1,101
596289dd-948f-4bb8-bb09-69e2f71c0901,3,350
596458FF-F6D4-437C-9BB9-00CA6A32DB36,3,696
5969c22c-596b-4e90-8b2b-5cd863df66b8,1,119
59841828-3CB4-4D69-B86E-CC3831087CD2,7,920
5988b24f-3469-4d90-8b5b-7e2a177a1211,1,85
59abb466-fae1-4a22-b756-046687f00977,5,854
59b9accd-f448-4c5d-a324-6c3e47b619fc,4,581
5A128CB8-AD01-40B2-8E76-829A5E121733,4,316
5A1AA911-6979-4630-B161-611E52228F65,3,436
5A4CF776-9B17-43B8-B85A-5F97D10C9A40,5,927
5A6DB036-D1AE-417B-BFC6-358630E8597B,3,718
5A814E85-70E1-4BD2-87C4-6448C167129F,3,493
5AC93C77-7454-4711-B8A0-AD09CC7DFC3B,1,221
5ADBC078-3E03-45BE-B9FA-0F58CE2CDD02,1,75
5AE914BC-C24E-45CA-80E0-CB6ED6BFA743,4,445
5AFA475F-F172-4955-893F-6386E600DF7D,1,146
5B0C85A1-76B6-4D34-9512-3E92F87EB93C,1,85
5B716ED6-2D90-4012-B101-0FACF920AA8A,1,188
5BC82D19-DE73-48F3-94C7-0E5888ED4EDB,1,161
5BFB2B0B-D36B-483D-A096-708A48764793,3,390
5CCEECF1-F6AA-4951-96FF-3EAEFB054D16,1,140
5D0F4FA1-B869-4126-A8C8-95D48CA424D2,3,362
5D22AB12-E08C-4216-960A-AB790F7BC652,3,295
5D538C30-2C7C-4275-8590-3DD89AC4992D,1,157
5D8E19B4-95D2-49DF-A437-528AE2B82B78,1,105
5D8FED47-F571-46F5-975E-D0D142376FC2,1,172
5DEA7E1C-EF30-47D2-B7BA-2365653FBCA3,1,187
5DFC1105-6CFD-4184-B535-2BDF3A208F56,6,771
5E4E4F9C-3066-4517-B0EC-0474901FDE1C,1,124
5E82BA34-9FF9-4A21-AE52-B0340B3B1BF4,4,528
5EEB5AF4-8623-454F-8C70-86F3595FA132,5,562
5EF75CCF-85D7-4857-B056-6C07BF7E258C,1,136
5F16729F-3F6E-4AEB-9510-5DCD01C7369F,1,111
5F1E40CD-B68C-477E-B6E5-3DB597B483C6,1,127
5F3E4F9B-443B-4D8D-A153-765C174F4106,7,834
5F79E9F7-868E-4501-B78B-36A31226E5DE,1,137
5FCB91DB-A1EC-4357-8413-57B9C799E186,3,364
5FF99C8E-AF69-4CFA-B881-1144A6A9749F,3,349
5a50d3cd-44b1-4013-9933-0abd56e4b416,1,94
5ab8e585-cf6d-40b9-98d6-fc7915b7fc53,5,972
5ad92c29-e68e-4f39-a720-310ca162b73c,1,194
5afe6526-8baa-4c5c-ad2f-6b34783fcb64,1,96
5b2f9457-c9c3-4e6c-8803-d60f86f548e2,1,141
5b58babd-fa3e-4151-8f24-29260befbe3c,1,184
5b73f30b-a444-4207-b27a-568fa0d00c9b,1,179
5b8347b1-a849-4ba5-8311-9b06fd1ebb42,1,190
5bb1b774-d3b7-40f4-90e3-fdebaeb02443,1,85
5bc70dbd-525f-4f65-8857-b334d9ba50d1,5,477
5d1fc8bd-57b0-4ca3-a8c8-7d5d3897107c,1,76
5dcc67a9-8dbe-49fd-9be7-4745a2438931,1,184
5dd967f0-9ba9-4e5e-8a05-b406249158e2,4,619
5e284f8c-65bc-476c-99a5-ce7fa966d078,3,397
5e5c2df5-01c0-4357-8dfd-c15f89595d62,3,638
5e6c6fe498f2b5ba68de228b837e62ba,1,103
5e6c8893-7942-4f0e-a218-00183e26a756,4,399
5e791787-79b3-42b4-afd2-532d9441f372,1,171
5e98a9e4-75ae-4544-8d40-51dbdde1125c,3,339
5e9be5b4-da39-4eab-a329-b5eb3f1c0cc8,1,112
5ee82650-14e3-4ce2-80b6-0d2b5686b386,3,311
5f1759cb-c89b-4f72-84ec-9c9ab6ff39b3,1,152
5fcdceaf-f426-4138-8cfc-4a898d408827,3,300
5fe40863-061d-4bd5-a07d-a3d323ebe48f,1,118
6029A3F8-A9D3-4F63-8485-E4B5C3C21019,3,307
602d9d1f-243a-4164-9e28-e2a677c57727,4,418
6045597e-73d8-4b80-8a7f-b1a1d7007cea,1,120
6049a316-1953-41cf-9ada-b6f4c34f7d2b,1,126
6050D193-57DC-422B-B1CF-A309BEA6250F,1,73
60811888-5321-483c-8748-f9bd7df23f23,1,159
6088D39B-C10F-4123-A498-5D098A0E09A3,3,223
6092BDB7-7AD3-4B32-8029-49E69716BF1D,1,217
60B847E9-E500-4170-8DE1-3B6D49B6FB98,1,201
60F19B1F-BCBC-4920-9F33-3BBC02FC8464,1,175
60a56be0-9e3d-483c-9b21-a75eaa16d2c9,3,753
61084877-d84f-42ee-bf9b-b7d09776eb58,4,525
612705eb-9404-4dda-9338-d6f3fa875358,1,118
6142825A-087C-48AC-BD29-BFFF302A1F63,1,107
61477EC2-C850-456F-BB7A-62D72CDA3DBC,1,127
6157D11C-B690-4C90-8AC8-06DCC83C6DD1,3,549
61993e0c-435c-4372-8cf2-943e704ac5b7,1,217
61BA494E-F597-401D-961D-862ECAC7309C,1,95
61DE5643-BEDD-4681-A2AA-DFC660F16377,1,144
620753A3-115E-43A4-B1CC-A7346A5449E5,5,649
62104826-9DC3-46E6-BB4C-DA5E67846899,3,547
62153cdb-e668-4aa3-a2a9-3a6c11561887,1,192
6218d29b-f273-452c-a6ac-42be518487c9,1,100
62231683-8d6f-429f-8d5f-c9ae5fe45e40,6,395
6236b1cc-e291-4dd9-8bee-e20f387d1e75,1,224
62738380-898A-4BE0-BA85-4542777FAF51,1,67
628fbbbf-b53b-4f9c-93e9-5bece73f744c,4,480
62BC5FBE-7746-4FA6-970E-50236D428AFE,1,90
62C21C73-0455-424B-825F-999FF9135E81,1,210
6306b7b0-e4e8-4d7c-a782-3401e6ec5bb5,7,790
632672A4-2D5B-49B3-9867-B4068F9A9BAA,1,154
6327fa99-b98a-4280-a076-b388bba460cd,1,179
632d7c4b-fba0-41c3-a282-b7bdfc6b3871,1,98
6336C112-7740-4F5E-9CBC-DEA08A936265,1,204
63543d9b-7a4b-4a2d-af98-f7b22606f382,3,528
635C8602-FC38-4CCC-936E-1099ECDD008C,1,149
636e4c5b33a6284ba8551586b8355edb,4,697
63BD4752-49E8-4C04-BC33-92B360C0CD53,1,206
63D56CA6-3F52-4B66-8AB9-C090D2C0DF07,1,146
63DB74FD-5FE7-4473-A2BF-30E9D9BB9998,1,240
63E68BB5-89D0-4F3E-B996-53A4D469D08F,1,153
63dfa29c-c1ef-4014-be13-decfe55faf12,1,158
63e4f92a-8322-4408-a8fe-b5f47e9ff08b,3,507
641ed687-925c-4371-abf6-48a51aecf3e8,1,114
642DEE5F-FA8F-4A2A-A26B-536911E55C6E,1,139
6443a999-a2c2-4969-aca7-78e364a30e8d,1,155
6489A23A-6978-4EED-8762-692969DB89AC,8,1637
64971c93-83f8-440b-8c4c-a86afe5254c2,1,174
64D6ACA4-1C37-4054-84F1-5379CAE52FC3,1,68
64E06567-6A8F-4EFB-8E5F-B76FB020297F,1,188
64aa796a-771c-42df-841e-8e946270de27,3,338
64cb93f6-4559-425b-b515-8e2493c28b99,1,223
64d0e462-6a3c-4ce8-a808-17f1da337840,3,362
64ef8762-bcb7-482b-a10f-7398a47b54db,1,186
6514a694-5ec4-4833-8bbd-89dffba9d631,3,376
6518347C-31BB-415A-AA1E-0EE190B35899,1,162
651EF367-A65A-4B96-A51A-612B1653CAEF,7,1556
653d8c42-1e7e-4e47-bbd5-bab721a541a8,3,646
6560D57E-EA93-473B-A154-A36459BD33ED,1,182
65BF0109-3F58-488C-AB59-3EE18AC395EC,4,871
65DC8CDC-FCC5-4296-AF63-5D046648F2E5,1,104
65EC49E7-F49A-48F4-9237-47ED9C298872,1,109
65F56192-F205-4F52-8383-27640ED77FFD,1,251
65a79452-a483-4186-b4f4-d5b766c2af50,4,317
65b6fd75-8a7c-41e4-82f5-b46fa93432b6,4,406
6605F624-DC22-4891-82B5-A4DC2B0A59E0,1,75
662e0df3-d6c4-46db-8690-c77b7fc1a7fc,1,125
663c9b83-3d44-4203-89bd-aeaf4b43325a,1,139
668fe065-cb3f-472a-9999-34eb898202ea,4,850
66A7F13D-5E7A-44B8-8627-7CACFBFDD599,1,129
66d097c6-cf0a-4f5a-bead-9b1254338ec8,3,345
6711CEDD-03E3-404F-95E4-109AB6CB7EFA,3,220
6718E6BE-C913-4F16-88D6-276B8ABC3633,3,302
671A7AEC-4101-4D85-8DB6-7D590486FA7B,1,145
67B7A618-FC41-4E92-BFCB-E4F944627C86,1,95
67DB2EB5-4C86-4DF2-9A05-827020379B81,1,189
67F8079D-AE19-47E5-A39B-28D4C9FF39D5,1,72
68144a0a-6ea7-4bc2-8ad3-b014ac799ae1,3,373
6837e7a0-e54a-4f2a-be7b-dffcfe0eb4fa,3,329
687727a2-4752-4b94-a3c7-dda91af7d972,1,212
68835089-2517-4417-acf1-8f91c34dc502,1,121
68AE91B5-DB16-458C-B93E-E153FAF10FD9,1,97
68F1C31D-016F-4D14-B6ED-AAE4A1593021,3,335
68dc90fc-b764-4496-aaa6-b65be2eea765,3,693
690868d2-9c3d-47c0-afba-7011cc77033d,1,158
691D38DB-A90E-4CC5-8EE1-3594E4CE5BCF,7,926
693E5F9B-CA5B-448F-BB53-62F68F472BAB,1,141
69545247-368D-4B20-AA80-54BF03703BA1,1,121
698390AF-AE2C-402D-9909-1F493532E42D,1,123
699FB4AF-9900-4225-A39E-C69FD9BCA315,4,580
699f6a67-addd-4172-a4e9-63d4890d9a2f,3,436
69b36561-4bf3-4103-a69c-1f467922d448,1,197
69bedaf9-8be4-4aa9-aa17-137f6ae5623b,1,165
6A3F750D-D96D-4066-8F79-DE76DCFCE344,3,767
6A43139F-5707-4A2C-A637-5BE14171DEC9,1,117
6A735834-E981-4B6A-84D3-5094E3DA76CB,1,124
6A84C20B-5D91-4509-972B-1BD1190BD83A,3,421
6A850091-2458-4B83-B51C-EE98E4DBDC83,1,102
6AAC9D18-77DE-43FE-AC26-BBA5A21BCB4E,1,111
6ABE69A8-51BF-4C67-ACDE-B274B04C5892,1,76
6AF3D990-5A11-4F09-9F72-C30389A6821E,5,879
6AF57552-A98F-4827-930E-C3B4B1E70A6F,3,430
6B550FFB-05A4-4672-9F4E-EDC16AEAFB13,3,352
6BB9413A-DB5B-41E4-8C48-79D184C48061,1,124
6BFED13A-887C-43A6-9430-6563E4C957B5,3,256
6C31FF11-F91C-44E5-8126-1D24C011E83D,1,94
6C7DB248-E70B-4C17-B74B-1A990454EFF1,1,128
6D5A3AA8-4766-4C12-866A-6F57CB00421A,1,47
6D8B4ED1-CF5C-4026-A71B-2581A408DFD7,1,73
6D954AC0-224A-4BF0-B81E-7E442AB012B9,4,395
6DCEAECB-75E5-4D04-9C6F-3557848CE9B8,1,143
6E51FDC9-60BA-4500-8A98-12D45394C32B,3,384
6E6AF78E-8934-4821-BA19-0FED794FA347,4,384
6E6D35F3-CB54-419A-9A16-E838951F73A2,3,313
6F22D670-E23D-4A46-BC05-60C14514421C,1,219
6F366EB9-BEF9-4A78-93E9-D4BF0A860A38,3,301
6F372D91-FB1A-49C6-8A1D-7CD1CB32D526,1,87
6F419E64-CC3F-4359-81A1-30524E2A989A,3,509
6FC54AC3-C7CE-452C-A2AA-A099072BCDF1,4,722
6a43927d-bff1-44f5-99f3-721f8ce76a3d,3,454
6a89a651-8992-49df-9a4f-26239b774005,1,78
6abdedef-6166-4d0c-86fc-3f27cdce79ee,1,107
6addcbfc-64fb-4e02-a0cd-ab0392a51872,1,90
6ba8c727-20bc-4c03-8ad4-14703bcccb3a,1,193
6bced80c-8a53-4205-b9ff-a0451e2fe8d1,1,117
6be1cfd3-f6f6-4a2e-b3a6-42124916fb10,1,230
6c048aea-b357-4ffe-95f8-ce20378161ee,1,59
6c8d732a-601a-46b0-ae08-8750b2273a2f,1,143
6cabd0d9-8ae2-4950-830f-fbc924d01d91,3,480
6d02acc3-272c-4173-b43d-bea45a5ebd45,1,147
6d359e73-e4d2-482c-8167-49a0ba5cb037,1,145
6d67e107-7441-444c-89fa-8dca68c1c49b,1,78
6d6ba893-d64f-4f9e-a782-68a6f72a90e1,4,732
6d6fd6f9-c3fe-40bd-8b2a-530a7bf85063,6,570
6dadafda-9010-4f3c-a7f7-43ef12052135,6,850
6db7ac04-3b98-4ad5-9d0c-1d627db7d6d3,1,128
6e12f2ce-01f0-4541-83ae-064ff6bfd50c,4,595
6e64a695-5335-472b-a160-4d3b094bb703,1,235
6e96767f-ed32-4cfb-ae12-87dbeef71093,3,277
6eabccb8-5c01-4ad9-a463-539c10f8e62f,1,291
6ed76b23-a334-4ae4-b340-e4d55901ed43,3,457
6ee6ee63-8239-49cd-b3ad-51ab15b2cdef,1,217
6f057319-cf07-448c-9c5a-b0273fadbd04,1,113
6f187554-b482-4b6f-bc38-4c714e0c29a4,1,136
6f3c43f8-c9c5-4652-83db-22a14133159c,1,184
6f60d7c6-8eaf-4496-a5ab-9c8f1cb40a4f,1,87
6f676669-099e-4b7b-8ed9-17afc46ef523,3,267
6f6aae9f-11e9-4482-b221-61a8af97707f,5,709
6f824a29-db31-4363-b79c-ec4b3f6704e4,1,129
6fb0c58f-229d-4bf8-abf3-d8952336f448,3,429
70116252-d06f-4d38-a0ef-ec4878a15037,3,268
701263EF-1356-4162-A6C7-76A3F63C08DB,3,422
70390AE1-8C34-4A86-BCB8-4668E2BEB386,1,102
70471cf1-418a-42c7-aa32-c64e7fe17657,1,94
7048440f-486f-4149-93ad-dd4a46cd18b8,3,297
7053892B-C2E4-420D-8A9B-2EF77A79EA2D,1,194
70654cf3-5062-4b31-b39f-d02d8f9dd813,4,974
706c27e4-3d6f-49d5-9b04-5e3feeba86a6,1,133
70E43794-1953-4F15-8012-7F51111EFAFD,3,270
70ed1e97-26ac-4b02-80ce-1f4d73bbac3f,1,124
70fae4ab-e5e9-42cb-9b49-acc00dc2e626,1,120
7117E424-145E-4F30-AA3C-CC7AD12B63CE,6,648
7121EF24-637F-4706-8337-4407EE5A45C9,4,441
712257DC-B8A4-4CB2-B840-3AE791027762,1,96
71280f82-7ad1-44fe-926a-3058d4531d9b,1,146
713319E1-7462-42F5-96E2-79558C2E319E,1,110
71359a4718ea852d63c2cbcee173e9e5,3,268
714A39B0-C406-4562-A068-68C7D5825334,1,150
7156F8ED-FED1-4269-A11D-69BA1340F25C,1,134
7191AD4A-AE87-478F-82EF-AB6390430373,4,386
71a6df8a-93de-4374-ab5a-5ece1b653b35,1,120
71b4803a-f195-4b5c-a543-1dc5bfad2229,1,143
721d19c5-df8f-44b3-b884-ecc280d25a98,1,80
723cd401-510f-461f-9a06-3fc0dceec4ad,4,462
7246872D-9F3F-44E1-AC10-AA637B8C77E4,4,396
726e4681-7bdc-4c5a-8492-b81ba509e17d,1,83
7299a12e-6f18-4f34-8e4c-c570c0e81c6b,1,92
72A976EA-A041-4220-A555-49300FE9D55E,5,686
72BA68EE-23ED-4F4D-BA09-7CEA761BB72C,4,852
72C11FED-6A27-41B5-B466-38C7DB85CB22,1,171
72D20C2B-DAB6-46CF-AD21-A3347AB5B55D,5,1121
72b8a0f6-d42f-49eb-8743-07bf3df2f5a7,1,69
73195bbf-e7ce-4101-9e73-d5754592f5f5,1,93
732514c4-255c-4934-bd5a-f84ff2f5f315,1,167
734467F0-DAB6-48CF-A6E6-9096200061E5,1,234
7362749c-43ed-4723-a3ea-e966becc4880,1,125
736ac7d7-d705-4f5c-a45d-be2a3ad49e68,1,94
73EF0627-7C2A-4908-B760-D878E5441D83,1,143
73FD232B-AFCB-4D8E-8EDC-26ACEC650203,1,123
73a02622-e1a0-4de9-b587-dbff9b6e96ef,1,182
73d1f6fd-eafa-4c32-8661-d1820b7ecd02,1,76
74295EDA-0AF0-4445-97CE-58AA6E418B62,3,307
745eb421-5a7c-4114-b46f-7f29af6f3a94,1,163
746cddaa-42a5-4315-a33e-85dcb0219156,1,83
74746e4b-0e41-4f77-96cc-78d1457ecde0,3,530
7498d767-bb78-4d12-a080-93f663080dc8,1,100
74AF8A4F-67C3-4C7F-A76B-4422619AE0F9,3,503
74B769D6-877A-4D49-88FB-40352A202405,6,768
74CD8EAB-603F-4C45-A178-69180907A666,1,124
74ad81a1-5b4e-496f-825f-a0e57cc6590e,4,703
74b67be5-0bad-47d7-ba01-eb49b225be8a,1,131
74fe5221-0bb3-4658-bfc4-93873eec4108,4,892
75080c38-0be7-48ef-845d-6e37f0035377,1,147
751FBA9C-BCF7-4014-911A-55279641D89E,4,603
75271176-f6c7-458e-85fe-04e1fa2b59f0,1,130
752A69D6-6311-44AC-8600-0108079D187B,4,568
755063d5-b968-462a-8ef0-6a083fcfadc4,11,1255
758983ed-c163-4667-866a-87f1c2f45be3,5,383
75d50ac1-643d-478a-8d43-4373dfa5753f,1,70
75e197df-4447-4e98-b9c9-8cd7a5a3edb3,1,140
75e4b578-1dfa-420d-a81a-5bc7e3a8667a,5,679
76039544-3C6E-4FF2-92F3-F60BF19AA04C,1,169
7615806e-4f49-49c7-ad61-6102fc95d9f1,4,660
7617E168-901E-4442-BDBA-CAEF1F23AC99,3,625
7686DEAF-34D8-4609-9129-C2AD3D1E435D,3,411
7696951e-d6a9-4d12-a924-e70e64213d3e,1,75
76B8E593-79F0-40D2-9330-77BC290791E8,5,830
76F25280-3BFE-4EE0-84EB-CC41E9CBF936,1,68
76d108cb-9347-4e90-87f1-f971b90fd980,1,152
76e13b19-4376-492d-955b-bc76d90e6eb0,1,178
771A0052-5E56-4F4F-BBB0-A1A5C0F719AC,3,474
7786E242-A353-4A85-B1D9-4F0A5F310D10,1,195
7796A1CD-E063-4B4F-92E2-1078F0A285B3,1,175
77CBB3BB-C162-4A0E-B446-0BDDB3862826,3,538
77DA77C0-1935-4323-928B-200E86F7ABDC,4,425
77dea95f-cba5-48ac-9301-d18073a60a20,1,127
781fe16c-794c-448b-9692-276554892039,1,82
782ced34-f5f0-4293-a7e3-f38146482f82,4,420
7873E955-37AC-4A77-84AF-A3B4C641BD55,5,745
789BB934-211A-4B28-96C7-C8A5EA80B304,10,1488
78D427F0-BC91-4E1F-B342-DED381A0240A,1,142
78D5EBC6-43DF-49F7-B2A5-D4ACBAC9B939,1,82
78d61092-90ef-4a42-90af-c8e394b2b457,4,600
790780b2-fa80-4bb1-a4a8-4137b69d31fa,1,123
7927998A-0F7B-4440-BE69-3E8DCBA5F157,1,94
79418ED8-0A76-43E7-AEFD-74AABEA89413,4,563
79616C38-8E83-4789-AC4A-72D4DB22FE5E,3,663
79808126-46cf-48a0-95ca-8edc63382b27,1,152
798a1b5c-57d1-4aa7-9df2-b4706ddddfbe,3,456
798b1da6-4f55-4389-80d3-541a3b0525b1,4,469
79C20EEA-9F24-46BD-8483-3135D9B73964,3,363
7A0A2D6E-C9A1-4B04-B150-1E71EF778065,3,313
7A4BA2F4-30FC-470A-B0EA-E49AA6908E46,1,62
7A841F2C-B177-400D-881D-6FE6DFCF5735,3,365
7A8CD45F-60F9-405D-93DC-871A835427F6,5,1073
7A994842-042A-4AF4-9472-80E53F0F749A,3,528
7B3CD6C7-C483-49F9-A83A-9267FB2C1D3C,1,124
7B60CAD2-9CEE-4614-AC14-D3E69D7C38A9,1,129
7B791786-D8BB-44EE-AA44-15B1F4B067AD,4,762
7B8F3321-FC12-481F-9934-B471505AA6EB,1,211
7B985ED1-1AD6-49DF-86D2-EC307E262DD0,1,75
7B9BE00C-434C-4CED-9BD6-0F347055422F,4,539
7BA27DCA-2DAF-4897-B3A4-DA013D9AD6BB,1,196
7BAA1A68-8AAF-4F89-8175-3D10AC59BCC3,1,157
7BDCE617-D1B7-47D1-83F7-6B162E6779F3,1,153
7C2C772A-ED35-468C-9479-166B502272F3,1,84
7D066DAE-111A-44E0-8148-2B3C6C6836F2,1,233
7D1D58CF-D299-4E6D-BFEC-2FAA56C0D4DB,1,150
7D236B32-B015-470B-9A98-727DBDA1C3FC,1,138
7D8EACB6-96F5-47CC-9370-00A75ECDD49A,5,597
7DB2252A-B4B8-4834-B4BD-8026F2708812,4,354
7F509A0F-E788-4659-9FAA-19D4E2BB1E23,1,72
7F65DA0C-7DE1-4DCB-8A66-26B9BD94ABD0,3,315
7F94756C-3487-4314-94FD-9ED92C80FF56,1,79
7FA81088-CF87-4BC2-B1DD-C8B29945A202,3,444
7FB39052-B340-4A91-ABFD-68BCA5AD4644,4,557
7a2eef5f-66e0-43a5-9a61-231c6112560b,3,437
7a872429-6180-4b7d-8113-d280156e65b3,1,128
7aff8ef3-969c-4234-a1ad-ad797cc9ee5c,8,1639
7b027d7e-c2ce-466c-9dca-6b126a02db79,3,394
7b164cc4-914f-4af3-a177-ad67d2bdf471,4,661
7b654ba1-ea29-4008-ac56-01604189116d,4,557
7b9fffad-708e-4950-9ac9-0007c41fafc2,4,348
7bb1f51d-a213-4b5b-b24d-a315b5b8545f,1,135
7bd2d37c-910a-4350-b7f9-1bddd84edbaf,1,125
7c162a8c-7df3-48df-914f-24afdf8cfbc2,1,173
7cadf2fa-eb8e-40a9-860d-f87f3ccbe094,1,147
7da7d7d8-617d-467e-b16b-7aaf4c068bf2,1,174
7dd66d1f-00c6-424e-b16a-ac02e857c80a,1,57
7dee4e44-dce6-4ed0-82cd-56e837178d3f,1,206
7e4e3fb4-567b-4c53-a9d4-ccec68edc331,3,233
7e5ffb3e-4c36-4477-9be6-1124feb073cf,3,367
7ea295c3-7270-4cdc-9c5c-b3a4a0d9c0e5,1,170
7ea4899102d04a5851d4b8561cddf052,5,485
7f1afcaf-c011-4746-bc26-8aa98b5d8f3e,1,68
7ffa7b08-43dc-4994-a2d6-c60917f52358,5,684
8043C5FF-A281-4AFC-8440-C2BDDC8C86CC,3,453
80542162-5B54-4308-88E1-933C92EB70D7,1,154
806721E1-7C74-475C-A9C2-2A46AF77D6B4,1,173
807B4D74-41AF-4E39-A7AE-6DF11269FFC9,3,350
808272E7-B71B-4EDD-B333-D04A70486E8F,3,470
8091a27b-4f3c-419b-ba9f-4d7fdf68f09b,5,743
80999a39-103c-4cf8-8b42-5ffbdf99cefa,3,399
80D25482-CCCF-4782-B2F0-721475D6BAE0,1,108
80DE6FD5-F2D3-4C3D-8B70-88E4A0F56040,1,187
80c03a02-692d-42b4-bf9d-988d27160fba,1,203
8104505F-C002-497A-AE81-FF6311494A53,3,390
81424bcd-ef60-45e9-95f4-024ba48c26c1,3,309
819e4189-d35f-4950-980c-5d30394a8fd9,3,659
81BD2D7B-DB56-402C-B680-EB8FA0FD1F36,3,467
81BF6BA0-9678-4809-9706-EDB2A52FB60F,4,511
81DEA5EF-9F74-4C55-BF91-70BD1E722CDD,3,299
81F3CB97-E23C-47BB-AEEE-53044C5E3936,1,114
81efa0e9-2818-4fe6-8bdb-49aa31e0c886,4,604
82150ae1-cca9-41c0-9b5d-b512e3311e33,3,597
82640bd6-3d8b-4329-b195-1a5725d71d83,5,874
827F557D-B4AF-401A-8B57-B8FFFD9865B8,1,165
828b12c5-a48b-4221-ad71-7ad4d9cfd031,1,112
82930a1d-c188-40ff-982c-b80303f860ac,3,368
82FA6FEC-F651-46FC-8278-2304C3CEAF1E,1,143
82a488ce-1f09-43ea-8eb0-1b01701c7473,3,235
8310B7B2-507C-4C81-B737-58BD12B52667,1,93
831D689B-6D89-4454-BE73-79E6E1F4FB96,7,887
831b4c8c-426a-4166-a265-cbb9ca8196cf,3,287
832ecb89-383a-4084-8196-c029eb22b0e8,1,71
83ADF74A-4CCC-46EE-985D-14A9B5D0CCC1,3,582
83CEBD03-99C5-4CF2-8873-F5E31E84A863,3,627
83F6DF62-898D-41F4-B42F-EB754707CDE2,1,195
83cfbd01-b479-4942-b393-b1f9a92a249e,3,313
840a6d39-d202-4441-9dfd-0e44803e09bf,1,145
841bc0bf-f84f-40e3-883e-63dd8962a379,3,404
842DD643-5C7E-460C-9C67-4BB007BFDF46,3,277
844E6AA1-0F0C-417C-87FE-60B02307607E,1,163
8467df24-b17c-4282-aff1-5902e51fed48,3,280
84A366B2-152C-411A-B14A-2D3040D0B981,1,143
84E1DBAD-C56E-44A3-A213-D76F8191B0E1,3,265
850118a1-b9d1-44ac-836d-5414306ffa47,5,1227
851e00b5-5f01-48a8-8f85-aea469fb902f,17,3299
85389A9F-CDFB-4CED-A296-9B783D74CEEB,1,227
8543484E-49DA-4341-B1F6-08FEC214E6A3,1,190
85651ab568f71db474d2ec0f584f8099,3,317
8571d419-80a0-4af0-9168-c93b335905d9,3,522
858E2139-2DFA-4B77-A183-3858B75CF773,1,201
8596085e-e7a3-4b4b-b991-2e76336610e9,1,227
85cf686a-7d9e-43f4-a0a8-503566a0aae4,1,202
85edb47c-2865-4bf1-b067-338d104dabbe,1,147
864a1ddb-7df7-4055-a23e-d839cab6632c,1,144
8653D072-ED97-462A-A907-97E1C5FF6B00,1,71
865B1D76-7790-41A0-88BB-C7DCFC9D2BE6,3,403
86845b5131c37e77d786355bc68f35ee,4,656
868d7cca-0294-407a-a3c5-8a34f2b17421,1,113
8691ee7f-9556-4323-a3cc-65683cad3979,1,162
86B4179A-010A-4122-B8BC-F3583662FAC8,1,195
86B65182-3BBA-430A-916F-C55390B4F1BC,3,273
86C85D41-4338-4744-8BBD-E79E58D5EA84,3,338
86a8e5aa918f64a78908cf838b7b9844,3,431
86bb9788-dfca-4aa3-ba27-d7f8dfd309a3,3,336
86dd993b-9e5e-45e1-8c0e-b97f5d911d83,1,139
87307A4F-25FB-4653-A7AC-A3C42523FEDD,3,461
8757fbdd-68fc-40d1-a89c-7cfab7a6ba72,1,68
87741F12-93A7-46FD-94F5-3F54904E0B19,1,103
8793AC10-EE7C-4798-975B-F1673B5DD902,4,605
880cdcfb-4696-4f02-b1fb-901c6d5eafe6,3,447
881DEF79-3513-43A0-BAAF-1835E99C7774,4,544
881b5c24-5058-4500-8be9-26ef2044b7ba,1,150
8832f9b2-5178-4c83-a6ee-596c91bd93ec,1,69
88360D21-0DF2-4A76-B75F-E43E5D22BB23,3,210
8846b05b-f170-4a1d-9f04-52091337a7cb,4,677
88545252-d1a4-422e-90b0-09dfb776a917,1,79
8899EE2B-30E2-4D74-BF46-CFCBBBB442A1,3,528
88BCC8B2-7019-4AC4-93A1-8857A809590A,1,94
88D853A8-7308-4F9A-B159-A8C0E1F081B4,1,138
88FC8B23-63BF-49D7-9E67-71E9F4518B23,3,652
88e55293-4a21-4419-86d5-c2d48fff5202,4,410
88e6301b-3bb8-4ce8-82d0-3f9d725b43f6,1,233
890d0a6b-1c2c-45ef-b0ad-6ce2c9329123,3,695
891236E8-6675-473C-99AC-2F633FACE750,3,545
891bf217-d74e-4bff-8de4-7169247b3d34,1,108
894AC888-2685-447E-8845-3C5ED9677829,1,111
89835c91-f4ee-4c79-828e-6f0c600fec89,4,433
89C5B438-51F4-4724-AD90-BC14B4F72F2C,1,187
89CF44CF-C11B-4258-A2CD-C758D061E1CE,1,199
89EC256C-2998-4543-85C3-0EF30E0F9C72,1,193
89F28506-33E0-46BD-A042-B36479BBD316,1,112
89afe553-ea92-41e5-9bd5-bbfdec6bd17c,4,319
8A8E72BD-BDC9-45D1-8808-2B6995A26A7C,3,527
8ADD81A2-303E-4A5B-949D-9F9EF7658C6F,1,157
8AFC5486-5BBF-4930-90C9-3740B5E59D3D,1,116
8AFD9BF5-EEFB-4379-BC51-8109692EEC4C,1,93
8B30510C-54DC-47BF-B41A-91BA5ABBFB62,1,150
8B3EEF76-615C-4A41-94BD-C076423EC23B,3,305
8B506C30-21C1-4AE8-A16A-0DFC3EBC7DA1,3,421
8B5F7765-89F4-43D0-845D-EA56E5A593C2,1,278
8B7576AF-15FE-4C9C-BD9E-0CBD9DFC7542,1,65
8B7D5BE4-4457-4B1B-9FCC-1A1C8D5ACFCB,3,634
8BD482B6-8E02-449B-BD3C-662C5B1F1FE3,1,94
8BE14878-4308-4FAD-BA86-561E518F91D0,1,188
8C559DC9-E194-4EAF-974F-B20B80150418,3,615
8C6028C2-2730-4ADC-85FA-5C814FA35F70,1,104
8C7C0A71-E23A-451A-9A18-47F081EFC51C,1,81
8CA03E78-046B-4815-8867-FAB25D9781EA,1,75
8CACB67A-90EF-4F37-8A95-DFC15EE2FDDA,1,120
8CB5C78A-9F19-4D3A-ACC4-981A29EB69CF,1,172
8D3349B7-FC81-492A-882E-69153077AA6E,5,462
8DA8ABCC-60B9-4F1E-9044-3E52960AC2AD,1,132
8DB15B62-2F2B-4914-94A1-257976BD5CCA,1,80
8DEE6D73-BF44-4335-B86A-641D7E4757D4,1,139
8E09A0DC-614F-4559-B719-2269B0A2772A,1,204
8E4A8EE5-09A0-4FBA-BD1C-6F95F5569350,3,549
8E4F10DF-5620-4157-9C5B-47025411C491,3,323
8E5CB9B5-1DBA-444F-982C-401AB418C084,1,175
8E6A0D70-2E1D-4BFB-93BB-65A53235F7BA,3,301
8EB348C9-A16D-45AD-B3DF-E0BAED5DFFFD,3,692
8EB6D7F1-CC41-4EA2-8F4E-368BF86DD423,1,84
8EBD8477-2F04-4B61-9B7D-A38F34284173,3,306
8ED6EE69-B108-4557-8879-B5F192A60635,3,452
8F20776E-2D9E-4DC3-960F-80D0C6D51995,4,624
8F620AEC-B455-424B-A33C-1488F6895239,1,156
8FAEA384-9F41-4324-8834-EB40F2BB6E3C,3,406
8FB3F8CB-CAB4-4175-9416-9A2307A24C61,3,507
8FCCE324-59D3-421B-9632-FB93FFE83CE9,1,159
8FEDC307-44B4-484A-A186-C2B86451CDF3,5,532
8a8a428a-9dc0-4e9e-8de4-53ee63da9598,1,220
8afc9cf8-6ad6-47e1-a09d-0b9987c49637,3,294
8b29e568-daf5-4619-8cb7-fb0d0bd51c46,1,167
8b2e6e53-583a-43ed-a050-5305bc7b2a18,1,139
8b30bf08-66a5-49a5-a7d8-ea4bb760fdb9,1,227
8b3e441d-3a8b-4271-9231-15fc60f83018,1,173
8b58ff44-b1be-4618-b6a2-1a2f0b17c3c8,1,71
8bc47f93-31bd-423a-93af-adc605fb64cb,1,286
8beb8814-f91d-45f7-99ec-a2a2ea0a3168,1,150
8c0ea28a-6154-4c32-ba49-df357759ea21,1,141
8c281812-f123-41d1-b174-3d3dfccd3f19,3,530
8c5fa12b-4ccd-4ba7-b454-fca8e40150e3,3,467
8c6875c1-eb8c-48bf-bcd7-6325e3b7ddc6,1,146
8caa32ef-a2d9-472a-8295-e6b2faa44f7a,1,105
8d1e0a04-cac7-4e2a-afd0-10eaab571557,1,95
8d44113a-5ec2-4531-8dbe-4b4b2b36bf0e,1,201
8d797eda-899d-46c7-8151-94983e24e10a,1,256
8e14072c-a095-480f-8104-309477bd3f19,1,117
8e9d5c7a-2c09-47e0-b98e-5bfe5b57c68d,1,70
8ebfd5a7-4baf-4984-94b5-539de84ca36f,1,132
8ec6207c-30b7-4111-bb7c-b6526442544d,1,152
8eedcacd-9107-4d93-bfd4-a8a7723181fa,1,132
8eff3681-bf18-417f-8cf3-da6dcb60272e,1,159
8f0e002e-6f0a-40f7-9e13-853b3d65e7cd,1,142
8f1a020d-c742-429a-8fc3-e897f057797a,1,175
8f28c37e-6ad0-47db-b95c-8c91bd3a6c0c,1,111
8f4aa0ee-0a6a-49cc-ba90-b3b15ee5a2f1,1,87
8f6b186b-8fa6-4f19-8604-ba0b3e354468,1,71
8f73e81e-6399-436c-bb70-de34eac464f5,3,331
8f7431e5-8739-4222-b22e-33c740c31285,1,70
8f77611c-d6f7-4664-b219-2b2910a710ff,1,129
8fbb5752-3ffd-4d17-9076-d8635511cb62,1,137
8fbc01ce-9c23-4056-87bb-2693a6ea0645,1,111
8fcb6fbe-04d4-4d53-9c31-087908e7fbf6,1,148
8ff7e1f1-9b26-40bd-998c-02ad0b346632,1,158
9012513E-5C8A-4564-B2B9-9CA2440790DD,1,145
9049A7DE-A0BA-4255-8F3F-08EE5A5A6D86,3,261
904E0F7B-63D3-405C-906A-A94D7FF6D809,1,74
90529D1C-B839-4E5C-8D34-DA5E7126B498,3,412
90674e85-488e-4736-9057-1b1f56c81b65,1,167
907ef70d-cb08-4f90-819b-a300389731da,3,375
90908065-71af-4408-88d5-9b1ea51e2d22,1,130
90AF0932-88FF-4A02-B882-536B78A27635,1,112
90f37ee7-de82-4e86-be58-6727367ad5aa,3,488
910F42D1-FFD6-4A56-886F-28A0721CEE5F,3,427
911d9cdb-7428-4914-925d-74f4b93eb594,3,272
91255655-5ee6-4aca-8510-7d1cdf4cf6e5,3,212
91718c3b-37df-4802-ad3c-b866c9019d57,3,711
9171B5CB-3CB0-4F8B-B7A4-ABE4DD06069D,3,292
9171b5a0-40e0-4518-8635-6a2ab1a6945d,1,190
91727C8B-61F3-4856-A94F-8D73CC94BD9B,1,176
918F7E1A-CB08-45F1-B0FE-76F61E9B55B0,1,156
91d86220-396e-4eaf-9df8-fbaea0496d98,3,341
91df1047-d6a5-4e5f-942e-f1697c48f9a2,1,102
92375D6B-0E8C-4BFD-A1D9-2BD2DE3EDD1B,1,161
925cfea4-a7dc-4984-beb4-e34afd6380f7,1,94
9263f87f-8157-4123-a11b-038cfe12428d,1,195
9267A132-5125-4436-826B-BD6C80909C1A,1,150
9274b069-a8d1-42a7-bcd5-45ca920b7277,3,381
92CE36E0-E0B1-4904-9BA0-CCB7A18914E5,3,353
92ECEC09-04CA-4D8D-8293-62805CF69C8F,4,343
92aa967a-26a5-4c47-8f72-83964ee21465,6,636
930396ffc2cebd74390a8af5b148ab2e,3,281
9357BABC-4B39-4C2B-B099-5DD35F53746B,1,123
936ea0aa-8d92-43d9-ad24-9fde2eb59cab,1,115
9371b251-ecaf-47a4-b451-04315906b491,1,161
937CCB4C-3B8B-4C55-B259-EA870DA46BAC,1,127
93af7a86-e5ac-4a26-b940-4a662e44c434,1,226
93bebd1f-d08d-45e0-a676-c1c0c504eb9d,1,211
9415D2E1-1053-40EC-BD0C-222095D15B29,6,1238
9429EF00-D0A0-4242-9F31-DCCAE773172B,1,112
943821c7-698f-428a-bf83-64301e37fdb8,4,754
94387A97-7C23-4465-95B4-571D7CEEA1A2,1,137
944471aa-95ba-4423-a2bd-29e03a37af15,4,670
944b2c9b-13a7-432f-90ed-01384e09f941,3,552
94BE1F66-9C3F-48B7-84A6-5BEE73C8156C,3,661
94f86bab-1e44-4616-9cad-59fafd76fb10,3,405
9514435f-8abc-4cbf-9461-2a16440465a9,1,142
953c4003-a5e4-4ef2-8871-fdc30a718326,1,162
9549d500-5f05-4f46-af54-bd776c18e175,1,152
95510f6a-6091-4350-8f3a-b907ea0caf03,1,53
956E86BC-E6A7-4F5F-BC4B-394F773DF15A,3,541
957609c6-1437-4a7b-bd39-45af1034a2a6,3,408
959638BA-001E-4447-8719-8B758077A531,1,79
959CF55D-71E0-47F9-B88F-24CDAA98FCFD,3,526
95B4E77B-E886-4A97-9A98-DD5C43887F55,1,204
95c99669-7d25-4d64-8c79-2e6477fb78d5,1,189
961C9BD3-3789-40EF-B8C3-53DB4FD143A9,1,177
96361dc7-1a99-4d94-a65a-3dc4f296d800,3,455
96563f52-1dd9-406a-89f2-40e412a85465,1,110
9663f56f-5ca4-493e-8d38-f78988121d94,3,375
966BB101-1041-4FD1-9987-19296E5D7E27,1,224
9670AF8D-BCC0-46A2-84C2-871729BC96F9,1,98
967F7DFE-DDBC-48FA-B1DE-5344B4B651BF,1,114
96B9851F-876A-4D2F-B0DC-3640C61E1164,1,142
96BAAEB8-F369-4747-8507-8B8DE720C7DE,1,133
96C1EEFB-DB3E-4CE2-977D-F1AF5EBF202A,1,109
96C6FDB5-A5E0-4F15-B654-DC8B9F72F9BD,3,246
96d6fe6a-78d7-48f0-a396-d486c9cce937,1,126
96e35d93-6209-4c3f-a1ad-bc4c0bb1335e,1,140
973BC524-DD5D-42CC-AD53-D89D53451227,4,475
973CEB6F-6C15-40AF-A32F-9F36A45CE9B4,4,597
9757fa64-3d56-4d77-8aad-790b64c5f863,1,169
976b0322-d92f-4731-8dbf-eb36e900ee82,3,319
97A4D1B3-B153-4FF5-AE9F-847FE7E115E3,3,333
9800ba65-788c-42c5-8b33-1188b4d76915,5,758
981e238b-7294-4786-a504-c0582d12f35b,1,93
98297E65-148C-49DF-921F-02B265827CEC,3,323
983b3fec-c1d6-4222-95e6-7b9765554697,1,188
985780BA-528E-4AB6-A3DA-C5857DCBDC04,3,373
985c6602-4cbe-491d-b196-e8feb77ac007,1,98
9864cea6-ce81-467e-8c68-47e52da7ec66,4,817
986500E7-62DA-408E-9B05-4822165F5D11,1,111
9875d94d-d89f-410a-aaa3-3cbcbb1402b3,3,582
987B973B-5A7D-4A48-9CCA-687F06B39FD8,3,521
988DF1BA-D0C7-4D39-812A-F396C7292F71,1,214
988ff271-a890-48e4-8b08-a2c35531406b,4,457
98934766-FFB6-4E16-95C5-992FD585F942,5,1058
989A315D-5C84-4CB7-AB6D-F0763BBFAB62,1,161
98A78740-8275-4FA8-BBD8-429E45611298,1,83
98F7CAB1-A30C-4FFC-B876-1DCD283C6E96,1,89
98f89cb7-3ed3-4c71-9ef3-0f543eb3ee82,1,112
9927A7B8-D21B-4795-A6E9-CC7A7F30B64D,4,595
9939F77F-BDF9-4C66-B3BA-F3EC6CF5697E,3,350
997EF4D3-58D2-4931-88D4-DCFB66AD66F8,1,205
9983B061-1D2D-4478-BACB-D5902ADDC117,1,151
998879e5-5bad-449e-bc2e-733c85328cfb,1,130
9990a8bf-6b8f-426c-9942-15842acfb068,3,620
99F400C5-4A5E-475A-8CAD-97CF751057A6,1,124
99f565dd-9374-4ff5-9cab-eab1b6cb4da2,3,394
9A0B8C0B-34FF-49CE-BCAD-528B61D691D3,3,550
9A1622E4-036E-4E64-83B9-2A1ACF0E83F7,5,1070
9A1978B2-811A-4D0F-B070-ABF1F2C90E98,3,412
9A263C3C-E571-4026-944E-14A110215508,1,199
9A711698-7097-4EDA-945C-BD50CC0660B4,1,147
9ACD9FDE-B3D7-4534-9C0F-4039C746E168,3,495
9ADC71DB-6E96-4A0B-A6C4-FF3BC9ED584A,4,1048
9B3505A6-BB0F-4F1A-9AC1-DBAD536010E5,3,493
9B430147-A9DD-422C-ABD7-076DD77A1438,1,72
9B5FE8D2-3DAD-434D-98C4-B5CF66091510,1,127
9B6A69EF-3EC0-41C9-BADE-27266CA41C43,3,429
9BB7D19F-26A6-4A2B-90EA-B9CC7699EFF5,1,169
9BC3B55E-5B43-43C5-8EAC-53689674E903,3,207
9C2B611F-F998-4DB6-A580-8772C2581C4E,3,365
9C649170-7563-4969-A408-BE8D410FE341,4,590
9C9F2424-F769-4838-8BDE-CF334101732D,3,483
9CEC031F-FC8F-47F7-A3AE-68FB5F68154A,3,479
9CFF729E-9DE2-462C-9AAD-BECA6689DD02,1,201
9D7045F4-097A-4522-B6D9-895F5B2D7149,3,421
9DBA5C97-CA3D-4841-873A-07ABE94BF9D6,1,147
9DCB5E99-29DC-450C-9F3A-4C916B4E14ED,1,121
9DEBF7F0-B42A-4C2D-9778-32FA2614AEC2,3,319
9E1F323A-46A4-48B9-B615-10951B755C08,1,120
9E32970A-FDA9-408A-A834-D98A6DED5EF9,1,198
9E358A13-CA3F-408A-BEF4-5BDB118591B1,3,535
9E3E9C08-830F-4ABC-9A60-9BD404190A69,1,157
9E5A9E91-192B-4BAA-8876-9CD700D6283D,3,324
9ED4D09F-742E-4FCA-8610-117049B2608A,1,154
9EF52CC5-80CF-46FA-B38C-F09C685020F1,3,469
9F593705-AD16-4B46-A152-91E5C1E14417,3,690
9F8901A2-4368-42C2-BB92-2002FBD03357,1,92
9FA3E5A8-F5E3-48F7-9ED5-1E9A053FE2F3,1,164
9FF91F48-69DE-4688-B24B-0A71A50E9405,1,248
9a0a903f-51b0-4e36-8628-942909b43626,3,409
9a93a347-9d65-459b-98cb-c51380552ff6,5,485
9acfe1e7-ff3e-470b-8991-36af6f748788,9,1312
9ad79887-39f4-4490-aef4-1bfcc3aacd44,3,332
9ae0e2eb-b981-4a55-8a19-bfdb1f097b51,3,304
9b336523-1312-4ad4-a139-e94d577668b3,3,303
9b4afbe4-3498-4e9b-8efe-ebd79641efc4,1,183
9b6a41e8-91c2-46fa-a184-0eda63b6e86a,1,204
9b7c34d5-f510-4b16-a7b5-7ae7bcbcb1e6,5,814
9bb7ccd1-b564-46c6-9aea-15f7b3a7deda,1,180
9bd3707a-66ba-42df-984a-671afe577d74,1,121
9bd4bf01-c74e-4dab-b86f-6d096adf47b1,3,330
9be060fa-dea1-4130-a052-03e05db7af45,1,67
9c0beb42-c389-4bc5-b828-8b044aec70a2,3,357
9c1f63ae-401e-4f43-a4cf-7fe77b667403,1,73
9c282c80-47ff-498c-ac12-30e5bcffcb84,1,106
9ca1f4a9-b466-4ef3-91f2-2639a2149290,3,480
9ceaba46-1110-46a9-9ba5-70b67a250589,6,1608
9ceacd16-e7f8-482c-b359-bf5a7bfa4765,3,291
9d5cb9da-0c7d-4487-af18-a9dcb49f5b80,1,162
9d76707f-4a03-4271-b410-9ad168d78924,1,137
9dd6c73e-e209-474a-9576-5ec7b620a1b7,4,455
9dfd8b17-beb8-4813-b396-d0a9a0617adf,1,160
9e508981-fa2a-4cf7-a2f0-5ef764926adb,3,311
9e711309-e13e-45ed-a976-09f0d8470330,1,115
9e7c7fc0-ec44-43d1-b007-a9ce5d714a66,3,416
9e9c173b-6e14-48e6-a368-a14d685dd01f,4,481
9f002324-f0b7-4728-9153-8c181703ccc5,3,561
9f0b39c5-0c7e-4766-945b-816694369e0a,1,177
9f1b2f53-7eba-4ff1-b481-98ebbd382001,1,132
9f1f200b-6a4e-4969-a63c-ff9e09cf6ffc,3,462
9f3c2c07-92f9-471f-b881-780812725a54,1,103
9f743968-9df3-463f-9cb9-73318fa27c44,12,1961
9f7530c0-e6b7-4ea8-b913-bc48917c4440,3,240
9fae57f0-1ffa-41d2-8b0d-b526517866a2,1,164
9fdeec9e-1cff-4441-8a93-534f514cee60,3,692
9fe35564-bfde-4172-875d-8f549c2c3218,1,119
A0A08EF2-6E8C-4C3F-A30E-064D649239A1,1,114
A0AB0F27-A823-4CCD-BAD2-09920FAD1AD5,1,192
A0B4CC90-9111-45B4-8A64-9C3097FB9264,1,72
A0B785CB-4D0C-499D-9292-FE7EB5E6D140,1,66
A0D3DA87-C81A-4C76-9052-6A4CB447D6E0,4,570
A0E4EAA6-79F3-4C71-BCF9-8FAD3A4EA2B0,1,146
A0ED9EE1-3DDA-480C-AFEF-B37B182408D8,3,271
A1788C7C-220F-470A-B610-E373E0172A4D,3,390
A17F9405-7B9E-4632-B601-47C002FC5F0A,1,94
A24E2087-6B86-4699-8B4E-2DB18A964FF7,4,467
A29AE57B-482E-43A3-8FBE-E9F411A5F3CF,1,69
A2CF502B-6144-4132-AC06-2881C424893B,3,198
A2D0F945-60B7-4F9B-8645-A6767DC721C9,1,78
A2D32DFA-FD30-498C-854D-7966BA4FDAD2,1,119
A2FB8324-FDA7-4C55-A86F-CE7C3AFFB03B,3,367
A302DB22-DF7A-4837-A6BA-731B3CAC35B9,1,151
A32A22DB-D6E6-4F1E-9555-0A7F36FD1E8C,1,109
A3485753-C081-4E38-8AAF-DD6CF3FF88D6,1,132
A3629486-ABA9-4CD9-8619-A3DB90C84266,1,99
A3BA2300-6BBA-4120-8E47-DABB737FA9AD,1,124
A4139E96-B359-449B-8E10-FAB923D82BAF,1,105
A47A03E6-7152-4193-B26C-9A6BB84B3635,1,159
A488640D-5F48-4962-ADE7-10AA671354B5,1,74
A48F1796-D900-414C-ADA3-5B95BEC6121A,3,343
A4E4F591-996D-41B6-B0BC-D864D1DFF043,3,416
A4E69835-CD0D-4CA9-B01C-985B93944EBC,1,173
A50AB0AC-A345-48D5-AEFA-786AEC22A22E,3,258
A5110AA3-D8AF-4485-8D11-FC942B352A82,1,242
A5116E60-132C-4FB8-A7F6-0C2A316B117E,3,292
A5B8A029-73F5-4323-BCEB-48F6A93D84C7,3,483
A61B49D7-1083-42DC-B0E8-80804CF5E273,3,292
A64A6561-FD76-4B3F-AF35-DC35E7F738BD,1,159
A703E3BF-E9FB-4FF7-A834-F2447BC387F3,3,632
A715FBF4-EBA2-4FE9-BAC3-899C2A0F2FBE,1,114
A755711F-B743-4F01-A593-B0B6F3F2812C,1,206
A7732BEE-F965-4BD9-B382-2A461A5F7C99,1,173
A777AAD6-5957-42F1-AF40-219EF6F3DEA6,4,817
A7A29CD8-A206-4391-B656-7B6E3731D461,1,122
A7B43278-2CC2-4584-A439-5277CAD8D5FC,1,109
A7D9558E-C674-4FF8-9FFF-28D56D601FF9,3,295
A839B534-AA0C-4268-94C8-FC6F707C6EF9,1,155
A8FFF332-5A72-4DD4-AF88-0AED679A6943,6,1032
A911543E-47BF-4032-A6FA-B96F3DAC7B58,3,740
A9539AFE-5B41-4DAB-B3DF-7E388E47C701,3,550
A9C14794-FD24-429A-A44D-12A1AED9813F,1,81
A9DB66EB-268D-4312-8A93-1A0B741CF5C1,1,106
AA0D0BAA-9F1F-4B61-863F-E8714A0CDFE8,1,151
AA1119A2-01AF-4BED-B305-46447398BE5B,1,64
AA31CE0A-DAEF-455B-AB09-C5664CC21AAB,4,373
AA37FB28-608B-4C7F-A0E5-39B6AF2FB556,1,89
AA703ED4-E7D7-4A59-B1DB-7095FC53C1C6,1,133
AA722D6B-7E10-4A14-8D20-3D9C93C2D075,1,96
AA894FF0-0421-403F-9A90-F39D6D5063B5,1,194
AAB60C7D-F0E7-485B-90EC-18FA6DA981CE,1,158
AADF43DF-314B-4433-BFED-4FAB2D1DD571,1,148
AAE17F51-F3B3-4D4F-A85C-6A2A11015FF1,4,487
ABB5355B-3A6A-4D64-8C9D-62A6348AF179,4,493
AC1EFF6B-39BF-434B-88BC-D50E73E063C4,1,193
AC57F715-5BF2-4103-9076-18426F9301F9,3,454
AC60EAE5-6EA7-4D7C-B2F4-0600A3B91677,1,239
AC99BE2B-B211-406F-BE0F-5C82C8AA9D87,1,148
ACDC9174-D5B2-4BD8-A18A-CCD2F4408ED8,1,107
AD21E355-DB4A-49D5-8DF4-0E05EC588214,3,647
AD6E441B-8B83-4D72-A425-F975011A6CC6,3,450
AD96D4F3-E158-412A-AEB6-07DA9FBA6DD2,1,218
ADB6EFDF-BE72-43D8-85B4-2E17DA80759A,3,539
ADEE51DF-C9BF-4DB5-A60A-E257FE58470A,3,706
AE21B063-D2A6-4A18-AF4D-84D26087E7C6,1,119
AE42E59D-D5D6-4407-99BA-C101596C54AB,1,228
AE45E9A4-F5FD-4276-957C-0E733E843192,6,1057
AE71CE03-3149-40C9-B8BC-84FCF58BAF1B,1,203
AE9A5375-50A8-4258-9703-64FE088D3D18,1,103
AEB10496-4C8C-4E6C-8A8A-E8DA21A8AD16,4,523
AEBB9428-FC5A-4E0C-AF6F-A4214CC111B7,1,234
AF498D6D-9029-430B-B559-1300A5E994F4,1,138
AF9255A6-853F-44D5-BA58-126DB3E040D6,3,611
B029B23C-6693-40D8-B3F3-C8B9E0D02B00,5,912
B04D1A3D-22F2-43EB-B946-1A8D9CB7CBD7,3,400
B0DFCA91-86D3-4C69-8AA9-588CD95F346C,3,334
B0ECD58E-4B12-46E7-8579-1A6C6343F4C8,1,93
B14BF8D5-7D5E-40C5-A56E-FC252D77437C,3,298
B17A70A9-D950-4C35-8219-DD9E64E2298B,1,148
B19A1EE7-6227-42B7-AE94-6ADFF65E81B0,3,478
B1B1E213-1B68-4137-ABE4-4D3EDF74E2AB,1,139
B1D2BB6F-B0BB-490B-BDB8-9788A0B5AA40,5,1081
B20388F8-FE16-4AF0-841B-F3417E7D5AFE,1,133
B254E29D-5C1D-4B59-863E-E988935CC850,1,123
B2B415B0-0CBE-40DE-BF96-052249B4B65C,1,112
B314F1F2-187E-4157-A5E6-DFA2D3930309,1,205
B34EFEA5-2EB2-4247-B954-31EFBC9C69B2,1,198
B385B062-5A0C-4A4D-B2AF-6D061FF06ED9,1,91
B3D93C07-8B29-42CE-BA89-A9AF7798F225,3,244
B41C846F-5C9E-40BE-A84C-F1D825972281,3,257
B45173D4-F887-4097-B68F-282B54012859,1,81
B46F950B-C8C0-432A-AEF2-3604427489C7,1,147
B4BA9BB7-7E8F-407A-885F-56B70FD6B66D,1,186
B57ADCC2-47B6-48C1-A1BF-F72711AEC54F,1,95
B5E0FE61-BDAD-4BC8-AD2C-24B36F70CDD1,1,197
B5E91703-0352-4255-8F11-2470600F53A1,3,327
B68C932F-1A4E-447A-80ED-5C82B527C87E,1,222
B6C2D339-84BA-4F4E-B223-F269060DD356,5,906
B6E0AB9F-0F70-4F33-B340-6C5AB34B11FA,1,142
B7526B5D-A040-4220-BAEE-34AF7556F4AE,1,70
B7C8FB2A-3543-45C8-8D92-EABABEEE6FB7,6,552
B7CE2B10-F6D1-45B8-B412-3036ABD029AF,1,157
B7F3F88D-9EBB-47E8-BEE0-20017E7B21DD,1,120
B81AFD24-DCE2-4954-9D6F-6BAEC2A3BEFF,3,310
B82029D5-820A-4165-A52A-F5249034355D,1,67
B820C872-5902-46AA-A94C-0112732A34C0,1,150
B82394DB-5715-40F2-93A7-84798EE3B349,1,153
B863637B-FD3C-4564-82B9-5C32CF52D3EC,1,115
B863F494-0657-4E80-A89A-1C1F3CC98887,1,85
B89CBA80-B82E-4667-BA10-923C35271160,1,140
B8D29D8B-780D-4837-B83C-086F9D0C5A13,1,115
B8DF6AA6-0500-4719-987F-1007909BBAEC,1,141
B8E562CC-1EBC-4E40-8EFF-A7E68B72C371,1,176
B90328ED-2E9B-4DF4-BACF-642FA1C98F72,5,705
B9119BEE-840D-4E8A-A25A-D13F49D23E38,3,321
B94D93D8-9BEA-4FB9-9D50-F3FDEEB6FCD7,4,478
B996F0AB-72B5-4715-BA68-07A2D4AE6CF4,1,194
B9CB2C74-C672-4661-AA92-EC6A0B93456E,1,128
B9F53402-D5AF-42DB-9B34-EE4B7566B0E4,3,476
BA158099-CB20-4525-8AAB-2BA87A44CF1E,1,86
BA2C8F12-2C48-43B2-9621-40C7A7191C98,1,93
BAE940C1-9BFB-4A66-A6AF-BFE55985F6FE,1,128
BB400B49-B57E-4E87-9ED6-28D3B1EC8126,1,115
BBA16B36-DE48-4002-AA95-B893F51DE1BA,1,158
BBD7392D-CC24-419D-AEFC-D64627F8B8B1,4,434
BCDE43B5-B92A-4A3C-B709-933B2C21BDCA,1,95
BCEC2FCE-D1A6-44F8-BCE9-937D82D5C884,3,502
BD0C9D98-C404-4935-8E94-4A065CC0AAA0,1,142
BD99D57D-75B0-4A02-9FDA-AEA83F6D38DD,1,145
BE50D8BA-28CA-4116-9635-5D9178C9B705,3,629
BE90332B-C8DA-4DD4-8814-5957F35969DD,1,178
BEB91FA6-8EA8-461E-89F5-268D36A8512E,5,942
BF16D104-6E05-4176-9741-0A4656130D6F,1,78
BF18C093-CA27-49AD-A9AD-FB95F85FA5BD,1,156
BF29AF3C-772F-4F86-A371-1A70C42233E3,1,176
BF7AED8B-6706-4C8A-95BD-2C62E6EE6C27,1,128
BF7B8D18-B185-4707-898E-4F877D24514E,1,146
BF81355C-83D4-4721-A4D4-E42330595A02,3,298
BFA386E5-4149-4B79-8694-1A84234F0B36,1,130
BFD1AD61-5EEB-4F6E-ACCA-D7A350F4CAA5,1,174
BFE3D737-D19D-40BC-947D-C51B1247AA17,3,459
BFEAED1B-96EB-4EEA-A9A5-D138E8EF695C,1,136
C01B6D58-23AB-4BB7-89B9-F0F0E69E32B6,1,122
C01B8C22-0DBB-450D-8FBF-DF7F5BC6B800,1,158
C0278512-6E64-4BCE-97BD-2BFCEA026FD2,6,862
C0A0F1BB-F85E-46A5-AC05-49F0EEFA6B3F,1,135
C117D453-A567-4381-8FCE-D6E44ED3EAA9,1,209
C14EA394-66F7-4CF4-A432-BC3E7CD86BCF,4,409
C185C838-6F08-4415-BEF7-3438F8AB49BB,1,151
C1E14067-5C17-4666-8AD0-3D35857CF47C,1,123
C207289C-D9B0-49A0-9378-DC372966058F,1,214
C2716CE5-127D-4860-93DA-F8002CCFC912,3,256
C2B7C5B6-491D-4660-8891-F54E8B16DCEB,1,179
C2DC3FD2-E0CF-4E17-B2F0-8CEB6C273529,3,431
C314BCFF-4EBA-4205-95EC-400755CA16E5,1,116
C3399E41-87FA-4D2F-920C-5521D5A99A8D,4,686
C39C7E64-87D2-4171-BC42-36C2AB10A550,5,1037
C3B494E1-D95E-47A6-AE23-F8F0B7689746,1,154
C3D0B035-CA85-4E53-B15A-19A67176E425,1,156
C3E4E05D-CF7C-47C9-A518-91A39825B709,1,156
C3F22930-1BC8-40F1-9E01-C52710202A58,3,201
C46BA010-2504-4036-A18E-1040888240FE,1,117
C47944B4-D52B-47B6-B032-A250DD0831D2,1,342
C4A5F0E6-F049-4450-B132-B247D728944B,1,82
C4D59ABD-0A3D-4DC2-9207-5A18FD642792,1,176
C4F313B6-A51D-4E81-9674-2080AAF85154,3,294
C5170010-2FB7-4525-904C-017F97410F82,1,187
C5685AC8-A30F-4C61-8718-AB3DC35B77BA,1,159
C57C7172-0C36-414F-9262-DC494E6E4579,1,154
C6095D38-EB79-4477-948F-3E6B89369E47,3,701
C65F13D1-F41F-4D9F-BBF5-FEE3A482CAFD,1,116
C66979F7-4ABD-4BA9-9951-2F102F6C05EA,1,262
C66D72EA-6864-4371-8ACC-EE69FFC396B7,1,120
C6A70037-3115-4D78-A7A5-42D8CA79E833,1,214
C6E2236F-F737-4945-973B-66B243D32135,1,170
C6F4435B-1B25-465A-8126-0338C52D2D85,1,213
C6FACC81-A433-49DA-B5F9-ECB64E6E3426,3,274
C7243D55-E484-413A-97EF-5D2030B94D9C,1,136
C7317BD5-56D6-44AF-9B00-E637E9271293,1,166
C7398645-E8BD-4385-91E6-546EEEB15EB6,1,78
C770CC71-35F9-4151-B43D-68531DD94036,1,144
C7833A7E-F875-4475-96D0-12DE42F1D599,3,607
C7B27829-AED9-4FAF-923C-F5DBCDCE1CAC,3,389
C8056C97-A97A-4548-BEAE-A86490FF97CB,1,86
C81EC593-891F-4725-8281-E6987D079F49,1,148
C84D763D-1723-4926-98CC-29B108D4EB71,1,93
C853D0E8-F1DA-4459-B33B-3F5E8C81BAEE,1,114
C87672A3-1E0C-42DD-8427-67A499AD87E3,3,256
C89C951E-EE0A-47A5-8A69-73B837B07DD2,1,197
C918F817-7528-45BE-AF9E-8A6AF300C03D,1,74
C942EA3D-23AF-4330-BD7C-E0E4D766899E,3,510
C998E913-3A05-497A-8A24-8234E335DEB0,1,175
C99927D7-0A92-453A-8963-0EAA8DB39DAB,3,249
C9DE6F15-D814-4946-A1B4-8DC198111CFB,1,156
CA279F90-F05D-4141-BB26-8B994AFFF791,5,1165
CA37EB6E-8EB1-4558-B9E0-4CDB8DD296B1,1,119
CA599515-58F5-4A35-93D7-D7DCFB4F2D6B,1,83
CA7C2678-4CA9-45D9-84E0-9F85FE511944,1,125
CA8D2CA6-9CB3-4690-970F-298E245AFFBE,1,100
CB89D17E-1F3F-4B00-B6CE-5A6ECF925E6F,1,154
CBE2073C-7687-4AE8-85D8-4678123C00BB,1,173
CC918D9F-B527-47EF-9343-B0EE35A9F6C2,4,293
CC9256D3-1027-4111-BF61-B8195DA43BF1,3,460
CC97AB25-50E3-41E2-A567-3744EB964F41,3,391
CD0C0501-C790-4E13-A6EF-78959B8574CD,4,761
CD2ECFA5-40A3-47F5-AF1B-C940153FAEC6,1,99
CDE7DFA9-A643-44E9-A75B-B0AEA89E5304,1,125
CDF2640B-F691-41E6-98D6-7234C74D04BC,1,226
CE20FE5F-C65B-4FFA-8657-90DF1D7CD9A0,1,86
CE80393A-2443-4548-9144-4E1564CD9A02,1,103
CEB66404-15D0-44F9-9791-E2638057F809,1,202
CEBAB559-EC68-4A60-88D7-2DA54301EC35,1,196
CF0DD7A7-F3DD-4621-B315-AB03D878BCE4,3,228
CF5C2B4D-41AC-4749-837D-80C50550B449,1,115
CF9DE998-ADD6-4FEE-9040-471B5A0D0C08,1,204
CFFD7953-E588-4922-9AE5-6FDF667544FA,4,583
D00D79DF-56A1-4E7D-9F82-35604A7CCDBC,4,547
D00E8D1E-D70E-45A0-8827-B8A1A5060014,1,112
D00F0DA0-B675-4679-8965-221FD6BE6901,1,148
D018A98E-EB3F-4C8F-9D05-35AAB085B125,3,313
D058B3E3-B6FA-4FF8-9625-1DEE985D11E7,1,304
D0A25D84-0B05-4AF0-849C-E4BF5646BA4A,3,210
D0B8A6B4-69A1-4361-B3D4-595F4C192A65,6,1001
D0BC847F-67A8-4305-A422-33E81E932F38,3,298
D15E4A7D-4225-41E9-9CE7-5D9DCC989F82,3,379
D19AE2B8-CD10-4620-9BD1-2C1662413F4D,1,183
D200D1F8-BFCF-45F5-B135-FD840668BED0,5,688
D225DDDE-5F57-405C-9F49-6DB037B33178,3,326
D23285E5-6647-49C2-A8C5-5F73BA7748CF,1,121
D23D424A-1BF1-4D0E-9CCD-0B3652C854AC,1,99
D2590FCF-D32E-420A-9B38-CF745D56AE22,1,199
D2964092-631C-4CDC-9EEF-D5B03E492F89,4,467
D2AE6B99-69A3-43BF-A9C8-4A4E1B5C64AD,3,245
D2D169EE-891A-47C9-B4D8-9202C630BF72,3,322
D2E66373-2D72-4E49-B9B7-63EB0DD8AF59,3,521
D30512B2-9830-4981-93CE-C95839E879E5,1,109
D3FF1219-FA4A-4FAD-B6D8-1B13EBD8C7AE,1,314
D41C5B9C-1C13-4AFA-92E6-A9BCBD7DC5EA,6,645
D445F262-6C88-4C33-8827-25BAE3530125,3,474
D47D68C3-9BAD-43BC-8096-83BF11ED18D8,1,124
D483C772-B2A8-4781-9845-0B6DD6554246,3,365
D4A95929-CE4A-4F30-85A4-9EB32F858722,1,153
D520235E-FAE4-40BD-85AD-5195FE7070DF,5,427
D57173B6-4FF7-4557-B944-010BF17C8FDF,3,388
D57F1602-95C9-4784-BE2D-B3B0AFFAAE3D,1,122
D59570EE-DFDA-4BCD-BA3B-55FAD4237874,1,139
D599E82D-DD91-40B5-ABF6-C10B00770742,1,165
D5D8A19D-0F0B-4D85-8AC0-4F123EFA3D06,1,75
D659F507-D466-4AC7-98E2-F4E8C35AB035,3,522
D6A556BB-A095-4937-BE97-C4A22263E328,1,102
D6AF941F-55D7-467B-862C-DEC6308B805E,7,1077
D71CD3C6-8D31-419F-837D-42C0023788FD,6,1114
D7225FE3-D3E8-4496-8EF6-E1EA9E5EB09A,5,495
D76BB76E-5314-4242-894D-CC50C8A37A22,5,624
D78CFFF8-CD7E-4764-AA21-9335034A9860,4,583
D7B330A3-E3E0-4C34-880D-AA1DA5DF485F,3,330
D7E1C254-38E3-420B-8D32-C60A4C92DC0D,1,204
D887D908-58A9-4CAB-9E4D-02CAA0C8690A,1,152
D8BE9D64-DF1C-432C-BFAB-44955F4416BC,1,160
D8CBD724-AFFC-4944-B91C-2A095DC98FF8,1,48
D8CE4AD4-C332-4F2B-807F-1326B3D8D5B9,1,133
D9020C11-AA9D-46E1-A152-02F574052D94,1,157
D917D856-9CDA-4A5B-8A6A-2F09C75A4F35,1,164
D9362F0F-1AB8-4951-8503-819AF9080F26,1,162
D97DA233-9EC3-4A64-8CA0-0FA91728D228,1,95
D99E2257-EEE9-4234-9EF7-C48614CE4925,3,661
D9A101AA-3A2D-4E27-AB0A-98EDC5A88EDF,1,71
D9FCCCB8-122C-48C9-9CEE-0B14614726AB,4,800
DA236352-95B7-4AB8-8372-5526FF8CE0F1,1,165
DAA66D4B-0137-4BC3-B03D-52C16A937A03,3,488
DAB81F5F-DB48-4E90-8909-F825F43CA47D,4,388
DB089222-9C14-4837-B349-EA416A74BA46,3,564
DB111325-7579-4E51-891A-07AE6195ACAA,1,189
DB1F15C9-75C0-42BF-A0FF-FABAB8F2B967,3,303
DB409574-3D75-4DC4-8840-599DC6B287BC,1,68
DBB1FAD0-0EFC-47F1-9199-13280EFF888D,1,142
DBF41BC4-3055-43CC-B1DD-BE4B14673E80,3,358
DC627AF9-9AA6-4D5E-B647-A3CEDB66BE28,1,94
DC699F6E-D55C-4EDE-9884-F11E6354577C,4,858
DC8F1855-1339-4E63-91FE-13EFFBE25553,1,88
DCB924EF-3AE8-4C5A-952B-85D8C06B063A,1,151
DCE701D8-AF52-429E-A0E7-9146B51B4870,4,514
DCED9130-96C9-4251-8DC5-C4262CE370C6,3,521
DD0FF004-DE42-41F8-9179-9D4C4C15CD7B,1,165
DD2A70C8-E5E4-43E3-85B1-E526BBE4C7BE,1,158
DD37D23C-A5AF-4349-AA51-8C680E9D88B0,5,674
DD68DA13-BFF6-4BB7-9E6B-21FEED8E3966,1,137
DD8D2F1C-1F3E-4D10-8299-29BED15A9D84,1,156
DD936A6D-C040-4C26-8AD2-BE42F2DCCE57,1,85
DDD6AAA3-ADE0-46F4-90FA-85DA508439E5,3,489
DDF0D726-B9F6-44AB-B626-BE93CA9B69F0,1,126
DE29168B-9C33-489F-9BFE-79F31549EC25,1,57
DEA0CB74-B9A1-4FD4-96C3-D5A9F431E36D,1,210
DEBADD93-526F-4781-B73F-55CD2A34AEF8,3,535
DEC23A39-FA84-4550-BD00-C5ED7E9642BF,6,1126
DEEC7A33-4206-4C8A-9CF4-AF6B5C425ECC,1,212
DEF66E37-49C5-4B83-9F5E-CA4BD437FB20,1,106
DF342C3A-EE2B-45A5-8C73-B771DD920787,3,212
DF3E150D-5029-4672-B2B3-C77C7D7BDCBB,1,130
DF486B49-A79C-49A5-BD6B-7B4E25FA13CA,4,530
DF710821-D9E1-4239-839A-D995C87C460A,1,149
DFE539E0-A3C4-4864-BF7F-6B72103FAADF,1,154
DFED8C72-C842-4650-BB64-BDFD2F16F5EE,1,157
E0014B13-454A-4ECD-95CE-1C99615751A5,3,446
E00383E3-B203-469F-9CEC-956CC2C14114,1,185
E0B9037E-41AA-478D-9471-E85CBA302CAA,1,161
E0C48F9D-39CF-4E06-BCB5-B6146482C845,1,65
E1291C87-0DA3-47BC-B6B3-6802E619551E,1,161
E1595D69-1CC6-46BD-A709-A242EEA1C397,1,96
E18A4AA3-1CF8-4974-BEC7-46DC0A4DF139,1,183
E19716E8-2D25-4571-B999-82422665545D,1,114
E1BA8ED4-150C-4AC4-BBFD-2A95E42F747F,6,1242
E1C4529B-00AA-486A-85A9-9A3C02E6AE39,1,157
E1FD84A9-B331-4E47-A952-8A9A7A9A2BCE,3,341
E235C210-A53C-4497-A4B2-F8FA5E9318A2,3,487
E29C7A58-7DDF-4CF3-8E92-10D8704EB079,3,632
E2EC1D71-1AD7-4154-8CBC-76F8AFC094EB,1,69
E2EDC377-B883-44C4-9F37-E560BB02E3C5,3,464
E32C4809-D164-486B-AF7E-E7F20F7ED25E,1,177
E369AF00-048D-4768-BDC9-719EA680BC69,3,449
E39421AF-68EA-4F6C-A524-37A578638764,1,213
E3A382CC-64A7-491C-AC2E-CDFEE0F97D5B,1,86
E3F93AB7-71FC-4B65-9011-E4D9D23EB5AA,4,659
E4264048-FCAC-47EF-9EC5-3D5CCD350114,1,196
E44B4E39-2D30-4E23-B6EF-37BAACBC1EE9,1,158
E4EB135F-977D-47BF-BF62-517D816CA5B8,1,62
E501173A-B241-47B3-ADB6-9581CD547B87,4,753
E51A1EB4-4355-4BBD-A155-454F7BF6DFD3,1,95
E58BDFCC-BF98-4AB0-B901-A0B098E08FB8,1,143
E59ECD1F-2083-49D5-B02E-C0B581FA56CA,1,128
E5CE2037-D8D8-4AC8-93F0-0EF4BA46BBD0,1,214
E632D938-77A0-4DA3-BB89-1B8DE68934E9,1,121
E6533280-FB75-4EA4-B3D6-6D66E34527CF,1,85
E6A56D0C-55A0-410A-A12D-4A9C35F31AF5,4,443
E6A6EFD5-C540-4008-807B-D27051E8A8DE,1,97
E72BD246-FE72-4D43-93BB-E52503A8ED23,1,134
E7321053-49E1-4F04-8391-284E7130CC05,1,74
E757E3A9-384D-4BE3-821A-3BCAC6A4019D,3,554
E7E34C16-C7CB-4F6C-9F81-BFC8D56DEF45,1,156
E7FE0541-12B7-4103-8CD5-B58BFA781BD5,4,412
E8BFA900-D437-4437-81DB-EB90C019131E,1,97
E8C0C786-CE05-41F6-8410-E84A6F06BC61,1,189
E902FB58-DD92-485C-B1CA-79877C839ECA,12,2118
E92256F8-5CBC-4D5C-A004-05393F42144C,1,104
E9E2BD89-21F1-4DF2-A60A-4BA57E27CFFF,3,368
EA7CD830-BF1C-4525-9AF7-BF7FED7023C9,1,248
EB0B6F58-8D51-44CA-830F-F5E8E54C5EC4,1,97
EB5EAD4F-ED96-42F5-B4BD-ECD5944B9D1A,4,532
EB671666-29D0-487B-9A65-07EE99955EE9,3,542
EB6FC550-9671-4DC2-B593-8ABB180EDBEA,1,135
EBC9575A-358D-4D4B-9012-F50E36680820,3,557
EBDDC7B3-5D60-4A91-9A7C-CA4323006420,1,73
EBEAEDE8-5454-4B89-BEE1-D89152E02093,4,669
EBF11034-0ECE-4780-AF09-F87CAE5184D6,3,541
EC864F07-03AA-47BC-9A62-03718D6675AB,3,442
EC98A723-8ED8-494A-8D33-278ECCAF4A4A,1,199
ECA64B19-55D0-4034-A44D-987240CD7CEC,3,468
ECBC6F09-9BA0-46D4-84EC-A1D8258386E6,1,202
ED0AA084-AA8D-48F3-8C0D-64AE41EB440C,1,69
ED23F736-0A05-423A-BA48-9AA1279E22AB,4,506
EDC2DC16-5030-4DED-8C5C-26B258E5E77C,4,495
EDC79754-F6AF-41AB-AE94-C8671E8A74EC,1,65
EE683669-F31F-43E8-9EA0-0822D502E537,3,721
EE6A23BE-A9B5-4BC6-B19D-CA515999FFA4,4,615
EE7D2463-3EC6-45D0-9FC4-171E2505C91B,1,169
EE8A2A86-D3C5-4CF4-85F1-474C39053331,1,173
EED15A0E-E720-48B5-8B62-CE1BF421A8FB,1,91
EF4091D9-1F33-49A2-9B63-CC752B6354BA,3,464
EF5C59AD-2B10-4DAC-9747-0F582C2A10D1,1,181
EF85E60D-D164-4362-B578-63CB14E9A4A7,3,421
EFDFC55D-3E7D-41AE-A995-3175133A0F67,1,294
EFE4221A-5214-471B-8212-C009F58F7F03,3,777
F004C0D7-8007-4A54-BF26-6569BFE2E29A,6,537
F0160C46-E4CF-49A3-85A9-3BA881316049,1,185
F04BDE3F-B34B-4BBA-9644-B4A5BA279B4D,1,92
F052FA90-73F6-4A39-B7D2-F9551F24CEFA,1,123
F06C97CD-C504-4B64-9475-332148D09871,1,146
F082F653-FD25-4CCB-AD46-B0074D4AB7A2,1,191
F0B33EED-6121-4FF9-89FF-FC41310401F7,1,96
F0DA475E-9DEE-4B1C-B7FD-B06DF3FAA05B,1,101
F1215F27-D79B-4CCE-92BC-713B07ADD7F3,3,394
F13630A0-AF65-41A7-B885-8B723307AFA3,4,624
F14C6AEA-90F4-48A7-8D00-C5A475617AD6,4,492
F16DDD86-427C-47BA-96FE-E3F84C715D09,1,194
F197765F-90C3-49EB-B746-EE168A437E39,4,547
F19A3784-1C1E-4181-9ECB-CCF9C9E68414,1,61
F1A67C94-F2D7-4208-BE75-D71A240EC018,5,775
F1C1103E-4AD2-46A4-B0B0-D4D0F1FD58C0,1,134
F1CA07D4-E032-41C4-B0FC-7C14686E0489,1,182
F1CDE38F-F1B1-4AB0-B949-2C28F231BD36,3,188
F1D65C3A-BEB2-482A-9BDD-F805CF7A9747,1,133
F236E432-5EC6-4BCB-A73B-903CAEC1F2B7,1,221
F28D46AA-6DF4-45D1-AB45-D683E85B0EF4,1,214
F300856E-60E8-488B-BFDB-11357C566191,3,419
F31885EC-1D69-46F4-A6E0-4A3444E5A8B1,3,528
F3714C5E-C18F-486C-B152-69512B5C1CD0,1,113
F38746B2-9733-4270-A7F9-9DB340D7F5C1,3,602
F3A7748A-55D3-41C9-9F55-A1F70109818D,1,151
F3B0FEFA-6FA3-4B75-A19A-8BBA2E227940,3,484
F4DE8F22-68B2-4D4E-B355-5BD4AC619EEB,3,352
F56AD8B0-98EE-413E-9BDA-396F051925A1,4,542
F581188D-9357-4769-BA4A-1FA6AD297C5B,1,60
F586205F-4BCB-4113-841C-6A361D1DA769,1,93
F5882DAB-730A-4460-AB57-7B9177872673,3,473
F5AAA2C1-D455-4E25-8604-8FB972483B5D,1,166
F5CC6966-88B9-458C-BE8B-CDDEC383BEE3,1,143
F5E3D19C-C50B-4C53-95A4-00F3C92C5B8F,3,849
F5E49868-1117-4DA1-8162-39818AF99826,1,145
F5EDA09F-3ECB-40FB-8E23-F732F2D7E593,1,218
F5F3AAFC-928D-4088-B275-03293FB918F4,1,67
F6B1CD4A-0452-4CEE-81CE-F0D4B5D26EFF,1,237
F701F1F3-CD34-487B-ADE0-A44CBEEA31CE,3,354
F796732B-28C2-4F08-B632-76D1D1F781C5,4,621
F7A62859-0EAD-4CEC-920A-F82E8C79CFB9,1,193
F7B31D31-9426-4431-9075-DB42221C52C1,1,156
F8264170-E56A-47B2-A158-A8EEAC285DF7,1,133
F882B84B-C3B1-405C-982B-CDF615687386,3,331
F927A8A9-4B74-4E64-BAAF-9661A5960A4A,3,528
F99F1FAD-342A-4804-9F4C-928D87465BE2,1,165
F9BE83D7-A5BB-4A33-A906-75A12DC581E1,1,175
FA1309ED-F616-463C-BD08-91694F391A58,3,502
FAB2F8F4-36BE-426A-B897-48A87ED65E60,3,558
FACE8A6A-7908-453D-94E9-7EB624DC1067,5,534
FB73BAFC-01F4-4933-AA75-E1BB645F4FCE,1,131
FB740609-205C-4F3D-9FAD-8860F73E1A80,1,144
FBA440B3-0A78-4601-9D37-F2FF914342AB,1,188
FBB8C790-B7CA-49EE-9659-460E4451AC8C,3,506
FBD71334-1C75-42C0-A995-252407CD6FC9,1,132
FBDBCA39-A6DF-4136-BECA-0F12ECFB1DEF,1,111
FC5D32BF-F3D0-4623-BF71-1E7A2B9157A6,1,249
FC7E6596-A87C-429B-B136-6D11C82FA45A,1,78
FC8F95B9-33D2-4F42-B2AD-F24C0A49A855,1,146
FCEF4E40-DCBF-4991-A5C5-A286E4D046F3,1,129
FD1B8E35-74F3-4387-AE52-81AF3378A8EE,1,148
FD81336C-3816-4CE8-88A7-341C6DB0CBBA,1,183
FDC0B16F-5C8F-40C4-A343-9F1D226616F4,4,657
FDE635C1-4E45-4744-A784-A39C910927AC,1,87
FDF99AE8-8F71-4CE9-A0C2-70C9DA60FC72,4,498
FE120B1A-4425-45A4-A3C5-A54D2F122607,3,551
FE34D099-E341-4425-A3F1-0A5CA46946D4,6,1179
FEE44EE4-AA75-45B3-A8D9-92F6B364252C,1,151
FFBE394F-A3E7-4652-9412-3539487E0E96,1,78
FFF6A1F6-DB86-4B8B-9A48-50A137362E8A,3,298
a014c555-c6f9-4641-a6e5-441ca0f31543,1,180
a0268e43-28aa-4529-bfd2-2696642e558f,1,185
a0269586-6a9c-4d28-87d0-a17c1a0a94a5,1,228
a0511ee3-36c9-46ba-914f-f10a2a12be1f,1,149
a083b129-9b43-4d16-89b9-f714d5ea5976,1,127
a0953a6d-df72-4108-8580-1ac973786b1c,3,411
a0ea8252-6298-4543-b4c5-2d9b6d27d19b,4,488
a10b9fe4-7250-4daf-aa79-61a44b65d727,1,178
a135d683-43ea-4b20-bd82-df2ecf05d851,1,76
a1563233-8b91-47bd-b41e-16a842a68796,1,198
a156651f-f0e1-458e-923c-e79796a894d9,5,746
a16a6a4f-3aba-4580-b316-014a89410c7d,1,158
a19268b0-c45e-427e-8ed1-cb6c1e90fe35,3,347
a1b847cb-aa4f-485a-b04f-9c23c1344418,1,125
a1e0ca92-6028-44aa-a6a3-361d25c00bec,1,83
a1f6ae26-6043-4f61-957b-d4faa4b4725b,1,150
a201b0bf5b7152f6f430e3e6a17172b5,1,106
a20af3b2-ea13-4442-b942-ea49c66a831a,3,334
a20cd8bf-17cf-4f55-a424-1ef36e7fb6bc,3,542
a2121437-dfe6-4cf7-8062-19b373368330,6,899
a2d99d19-ff83-4830-a1e0-a6f2ab4c4b04,1,98
a306f8f6-071e-447b-b648-f31a34cc7cc1,3,314
a30a4585-491f-4426-8755-8372fc7eebc0,8,1183
a3534150-fec6-4edc-9f5d-891737bb23d1,1,107
a3d666da-6481-4a08-a836-fe7e3ac396cc,1,122
a40b223b-bec5-4b74-ab0e-f4657a93705f,6,794
a454d206-ffa9-46c5-a950-e2cbe8cc857b,4,381
a4569e31-2581-41c8-8c98-3403e1c4a1bd,3,549
a4bc0232-0eaa-4182-995b-6adafd4e1371,1,173
a4ff4df4-eb1d-49ac-890e-872579acb512,4,382
a500d8da-46be-4376-9f39-35ce6c79f580,1,195
a5369d7b-c4ac-4154-b14a-53f8730ecd1b,3,379
a5c32290ead4dfea47a7c28bc18d3caf,1,191
a5eb6711-9803-4fd3-af67-673af2e6d4cf,1,208
a5fe51c8-f3a0-415b-aff8-a475a0656e82,3,421
a60a8902-2a09-406c-ac92-69ada03a5c56,3,248
a631284b-97ef-47fa-9014-56da013c947f,1,215
a63939f1-67c0-4518-8e61-5270fe0a15dc,1,123
a6777d8d-f9a3-46d5-aa59-4a17b5eddc26,5,1011
a683d610-a230-4b13-a9a3-e8f81baf90bc,4,758
a6ab97de-c68b-4d22-bce2-9f07c40ba7fa,1,199
a6ca6a28-3cc8-4115-8ccc-68cb7c830474,1,115
a6cb0fb4-837c-4e0d-9be1-b6a4467025ce,1,143
a74252b3-960f-4d08-9a40-a8e68a03383a,1,188
a7981e03-5b92-41cd-a5e7-b0f4ff185b59,4,419
a7e9f2a0-11ab-4c05-bf2a-438ba5e4ab5d,1,145
a82ae7f5-6384-40f4-87e7-98774bb0ae79,1,179
a82ef777-096d-46bf-bd4b-58314437e970,4,420
a8342788-0a85-46a8-90fe-03df6636040c,4,438
a86ba5a9-bbcc-4e9a-9839-64a9d7911888,4,563
a8d34914-5f94-415d-8fd9-60e908a050c6,1,156
a957905a-1ffc-427a-aca2-92318550ff7e,1,168
a957bb8d-b17e-4e6d-a5d8-8b100d91e985,1,149
a9661b79-73b5-4bd6-b7c7-e719ab1fc2f0,1,179
a985c8e5-8c16-4884-abda-7bbb5828e458,1,70
a9d1657c-19a9-4d25-b0eb-15a148d7f5fe,1,108
a9d6d962-ef92-4b85-bf71-95a5f2d6b572,3,541
aa47fb9e-300c-4e4b-b94b-76de4e4c9ebc,1,136
aa8fe70f-fd4f-4021-9813-63a8f0f6007e,1,143
aaeb7a8c-4d36-43f7-89c6-04e60b449c28,1,164
ab152d06-cc0b-4ba4-901d-a4aba88f0dec,1,96
ab15ffa8-741b-414c-b633-46c94d806ce3,1,82
ab2a9817-b2ca-4dab-8d51-c56326c62d93,1,60
ab4080c7-16df-46dc-9f98-961cc46e7fe9,1,92
ab4f18d3c5587a0db7be8616f517451d,3,525
ab6c3bc8-e1b9-4bc2-94ea-065cc2f6d1f9,1,167
ab9f5ed5-0e32-41d9-a9c5-7186c728cf6a,4,753
abee7efe-4654-4221-9114-5ebe22942906,1,107
abfaf2d7-5291-4ff2-8c15-2b34f470b77e,3,464
ac63992f-62b8-4d61-b36f-f48e469771c8,1,73
acc97392-7938-4487-a5e4-775a23283188,1,171
ad520666-dc62-44df-8995-feb10eb7d6c7,1,154
ad53615c-5672-41bd-87d1-5b843e4afc01,1,177
ad8248d9-089e-4bb1-9feb-e19ffae4018f,1,192
adb78a87-cf43-4e19-bbd5-35bf5774e5cc,1,170
ade523d8-9d05-4c26-9eda-6cbf6f309f7d,3,448
adfaf820-537a-46a8-9860-654d0e26d346,6,585
ae16ec30-b60f-46d2-ba33-82951f049ac1,3,372
ae19eed6-d8b6-4e0b-9890-f23b71ea935a,4,441
ae3db10c-76cf-486a-b442-aad2b34bc1cc,3,246
ae8a1d2f-9d3e-4e13-ad0d-5ebe218fd880,5,835
ae943cee-be23-402e-99d0-a497f58b65f6,1,130
af222787-4048-4629-a60b-59a62c8c1a72,3,385
af3dc1ce-5c18-443e-9243-f5bc0d9d1b61,1,99
aff5310c-6188-43d3-879f-d49ab3987e40,1,118
b00f518f-c5b4-4d38-9408-2ddd7c4294e8,1,157
b03056e6-3723-43a3-ade7-473484efb0a2,1,171
b03e9425-eab9-4f81-bd63-2f8d9caeca60,4,418
b0c6d252-d27e-455c-a8b6-a4a0752cbe5f,5,691
b0fe602c-64a2-4258-9fcd-04070347ff98,1,127
b201c73f-401b-46dc-ab8c-60cbb100bb82,5,779
b22267ad-d787-4ff5-9824-ad21594ca104,1,173
b29d1e83-6b06-4451-86f0-b9c507e8dac2,1,133
b2d498f3-cb97-4726-bcfa-8b8a8b489eaf,4,333
b4614bce-2085-4026-a86c-22516fd453c9,1,88
b50296ff-5f4f-47c1-91a7-674a95e2baa0,4,535
b53c47e3-cd39-42cf-b433-1af417fc1325,1,129
b59f7715-00a4-44b1-b366-333dcbde08e1,1,133
b650f71d-ca72-442f-b1fb-2967b78540bb,1,107
b6c67b5f-3d69-465e-aaf5-9bcb5ebce52c,1,150
b7312313-2dc5-4bc0-9cfc-132c12f021ed,1,140
b751d201-083b-4c58-9d5c-bd57b27e24a7,1,94
b7a2e12a-8e09-49a9-b174-64e3a0aac38a,5,837
b7c31838-073d-4e7e-b222-6d49f76b5976,1,140
b832dc7e2c81c7166a353f380bb7ab2e,1,132
b851e844-b5a1-4722-a37d-fb9fecbaac9c,1,109
b8569dd4-a63b-48f8-ad3c-d7e2632283bf,1,133
b8b68904-a432-4a12-9465-944347dcf1aa,1,71
b8cd3a5e-3698-4e86-93d8-a7738ab69c18,1,129
b8ea40a2df4f7dfe88484207c5c12112,4,633
b8fa2dcc-7411-47c7-81f7-c438603403a9,1,77
b9170ed5-6834-41e6-8353-e7c2fde86761,1,164
b966a421-d6b2-4e6b-b261-d92ad818537b,4,509
b98b04c9-d8ef-4ea5-ac3e-649ca3ec09a3,1,126
b9b092dd-504c-4b40-93ff-85fe31e91164,1,76
b9b0e7e5-fef5-4e8f-a0f4-649774a7cbdc,1,174
b9f593b8-f7c8-4f74-8147-7c4c01c4e0e3,1,158
b9fce3e3-2dec-4412-a7ce-4ec55998cf11,1,114
ba597903-bd68-474a-b7e5-72c689a9136f,1,97
baa5354c-6e19-4669-8bc4-d4eff5a61e44,1,181
bac1db53-1628-4aee-af39-88f2406b133a,1,116
bac4488e-ecc2-4d15-b272-5b7ab8c1bfba,1,99
baf0f8fa-9c7d-4897-b95c-ceb2a2d2557d,1,101
baf3b782-2f7a-456f-a524-bf82e947ae85,1,148
bb5bec9f-4685-4b28-861c-c98d3ff2eda6,1,159
bbc210bb-7112-49f4-9b59-fdf44d70684d,1,84
bbe0bbb8-fd84-4d9b-86b1-204ca2c2fee9,1,211
bbee7348-9a2d-4f5c-a5c9-e93362a9f80a,4,688
bbfb590e-a641-4edd-944f-bf299bb56d86,1,129
bc496489-edec-4afb-902a-a03aab426403,1,160
bc5184de-8be8-4135-9789-c8498c5d40e0,1,104
bcc42a04-fcbd-403c-a946-242c93f27981,1,225
bce04112-6d27-4068-a30b-e47f9efabab9,5,850
bd16e26a-9d9c-42e4-a907-c3a91647ce0f,1,71
bd58d420-4f16-451b-a8e5-5873b7840e37,1,83
bdd08e30-343d-4820-8aaf-437a1e2eee86,1,180
be4e7753-0110-4917-9b4c-1a82f2d116b6,1,84
be92caac-f525-49ae-bb12-580c98880ca7,4,759
bea028e0-729a-4542-bf8e-71f0e74b0484,1,147
bf0eb829-ae9b-459b-90d7-40758888f65e,1,105
bf15d631-3fb9-454a-8d54-e597297ccc7a,4,491
bf1da3f3-5c14-4070-99f4-c63a4e7352b8,1,107
bf9c6914-7715-4292-a78e-ca116af344fa,5,775
bfbc112e-23af-43d9-afda-41f10abf972b,1,177
bfff3170-c6c6-4c42-aae5-0aff49b663a0,1,90
c0133b1f-4e2b-4898-87fe-7b233bee64bc,1,126
c02000e7-ec75-4cd9-8381-3ec8b1886480,1,198
c060613213c3fe712ae588c1acabe831,6,668
c0a2eb81-39b2-42b0-85ed-97fe4df358d3,5,606
c0a9fd6c-1fff-4b67-8add-6b9e62325348,1,97
c0abf50d-c23d-4719-907e-780f022e6ad9,1,199
c0c4f76d-4a3d-4eb2-90d0-08c79c783cad,1,112
c0f32ccd-f6b4-4d91-8a3b-44b7e76d2fa3,1,174
c1339527-1f65-406c-b101-e04a3b16b413,1,220
c139e5a2-3dca-4abc-955c-6cfd674a023e,1,149
c17d347d-3203-4b59-a8e5-0a9227080da2,1,188
c1a45e20-329d-4f29-9895-4b29725110ee,1,134
c2892a6c-dc9f-4468-9012-928d95f1ea05,4,618
c28e6a2f-1a1f-43fc-9d1a-b94691f76829,4,769
c2e83967-91fc-4cbc-852c-23e9b4d0de9a,1,153
c315f8a8-6d90-4426-9394-46c61adbda70,3,349
c34c4ec5-2d0e-42d6-bee4-e20340c6338b,3,636
c377cf12-24f0-42a1-8fd1-f6120753b6c1,1,112
c3af8149-a034-4646-82ce-3e878aa1365e,4,481
c3d79500-8a87-4f8e-a65b-483148c2ff06,1,65
c40e7d92-4cc7-4ab6-8642-e31339139979,3,285
c47e89ad-fcfc-4b45-a531-a71da3d20a41,4,301
c4ce9c33-bb87-4d3d-b3ee-7652a130ac02,1,124
c50e270c-3c66-41e1-9e52-6a2d9872b349,1,149
c50f87fa-9b3b-4b85-88fe-2aff0e1b1638,1,150
c56806b4-4aaf-4601-a991-5003fb712aff,1,80
c581c976-e6dd-42ea-abd5-9e41010a29f4,1,213
c58877fe-b85f-4fad-b2ab-252a4134e1e3,1,123
c593831dfdad332959de03cb7e82cf71,6,877
c5beed48-e60c-43a0-9752-a37544d20cac,3,334
c5d18b35-ddda-485f-8221-6daf3519bb90,3,364
c5dcbfa3-7b4b-4123-9cd2-b1826b622ee7,1,148
c6128d22-9d0f-4551-a2b5-f104060b0486,3,403
c65038fb-1f32-42fe-afe4-add99a0b8b73,1,91
c657ef8a-e2f7-4419-ac9f-f6bc71cd94a9,1,195
c6885686-7fa0-4664-94b7-79011b1d17b1,1,199
c6a56cfd-976d-4ecf-919b-b5fc811a73ab,3,547
c6ef3787-9351-41ac-bd8e-03809759a72d,4,592
c7108d3f-c2bf-4ff6-8eda-f8e0c144e956,3,419
c719c0f3-fdda-41fc-836a-c240f5c589b3,1,102
c779455a-1d9a-4ff3-825f-2acdd0be488a,1,192
c7ab8595-0514-4ccb-8de7-3180ce7d343d,1,144
c7c43696-d42b-45da-af25-faed03b56a68,1,140
c7d128a6-4031-437f-abb8-ff06d482527c,3,513
c8c0e5d5-8b29-4c2b-a1ad-837395df8030,4,475
c8c35f82-46b3-45b3-913f-609114535dda,1,137
c99335f1ec6bed8e6c2341de584cab4e,4,240
c9d89504-fda6-4bfb-9ae5-96977868040e,3,243
c9dd07bf-ca96-4786-87b6-a86b21f30385,4,556
c9f75f30-ebb9-4cf9-b277-c345d7a962df,1,113
c9fa7385-bbb5-440a-8edb-43c680e20a5d,5,757
ca779287-3919-45b5-b927-82cdcdccb1b2,3,327
cabcf1f5-f5a5-4e4e-b372-b3dad821947a,1,103
cacd0307-94f1-439a-8142-01b116a4d8f9,3,754
cad0e375-e238-41e0-96f2-6e2b6bd282a0,1,199
cafa0ca7-3492-4373-a471-54dd1bde6304,1,234
cb52e79ff7bfcd1a959735a9bf18f087,11,782
cb78c264-f6bf-444b-9ca1-f59b1fec90db,1,140
cb992f71-c786-44ea-b79c-804bfcca3d73,1,152
cbc19af6-e164-4115-aced-20b51ef52974,1,138
cc0a0cb3-c797-408a-bc9d-28925f4086e1,1,137
cc0da1c3-c602-4798-b89f-338388e8c7f7,1,85
cc87f1cb-cd65-4773-b018-f62a42eb6e3a,3,318
cc95ba9d-4e65-4031-8e91-4ff3b217be2e,1,81
ccb321b0-2aa2-4c61-9394-56460271f740,3,376
ccbe491d-6558-4bfd-8aa8-db690322773b,3,178
cce8aa3a-20f4-435b-b4e4-99cbb7f52df0,3,556
cd1a431c-6c0e-4908-9825-5dfe75ba51a5,1,88
cd5090bb-76a1-41ec-8891-2b9180ea4b14,1,127
cd7536e1-d685-4b28-93c3-287bfed30ba5,1,178
cd95deec-6fd5-469e-9555-fd512a199d39,1,119
cdb4231f-813b-40e1-ae11-dac734235305,1,99
cdcb2772-0cb8-4007-b404-ac70e2f61946,1,80
cdd13737-20eb-49ac-8ed9-b0448a38425d,1,105
cde34ad6-44fa-48b1-b2eb-3adceb884669,1,183
ce7b60bb-aaab-4e9c-be22-150086390fae,3,517
ce94ba10-c851-4686-ab22-7daa0096423a,1,75
cf9cff63-bdab-4311-8d5b-a341cbcf6ad0,1,98
cfaea288-f513-4e95-b6df-c8b1a79af396,1,193
cfe153e8e3375a00da3799989d084eda,6,591
cfeba961-052c-47f2-9e94-47d476cde1fe,4,431
d0006846-3fad-4d32-834c-a1db2c32445d,1,127
d030b94d-40ba-4358-b27a-819496cff045,3,564
d04cde36-18c4-46c5-bdfa-c54b4b71c673,1,140
d04f4ee0-bcfd-46b4-bc38-ae3a5471ef5d,1,153
d06133ac-76cb-4d63-b72b-bf6029382d1c,1,94
d0756181-7dd7-4442-bf58-7652d86f1958,3,596
d085e18f-45bc-4be5-956e-27a1d3725a00,1,210
d10e462e-b7a8-43e5-b4f0-2d4464b2279c,1,204
d12dae94-3149-4b8d-8519-0b2e0bdb5ab0,3,333
d1962e50-9c4c-4127-9404-c945263b0e96,3,235
d1963c84-9e8d-4f79-8606-bd9a390665a8,3,477
d1baac58-2042-4d86-b740-13699bc8e8ed,1,155
d1e4cc25-ba35-4ffb-98de-213f105245a2,1,69
d1f5354c-4633-4281-9d31-0460ac614b0d,4,703
d23ba487-4f52-420f-9493-1aea03adcf55,3,329
d2d81159-733f-43f6-a550-ba5f0ea3c49a,6,1053
d2e1fe3d-f273-4ffe-9296-338fdf0460fe,1,151
d34aeda8-7bed-46a4-916d-70cfa1873f14,3,279
d3622133-370a-45ea-ae81-a31a66ff4c95,1,204
d3768f52-c378-4a2b-90b1-18d8ae153482,1,149
d37c5db9-3515-4117-aed4-bfcf47558d0e,1,120
d40ea439-b6c1-412b-b65a-7ae7bc38da9d,1,173
d4162a70-a99a-4c72-a517-77c652cf3eb5,1,148
d450ea5c-cd37-402d-bb34-443f8a23734b,3,311
d4c7a4af-6417-4863-a19b-6d0e4e8afe54,1,142
d5343e39-82b1-4c48-bb79-4bcd6694de02,1,163
d5e77616-3952-4e20-97d9-61c7a168edae,5,562
d6092d0b536301c0b5f4b987a5a2d2fb,4,691
d616f600-92b6-4455-b31c-0febefcd3e6a,1,65
d6402acc-95a0-4288-b23d-596dacf52bab,1,141
d67069c9-919d-4af3-a505-58fbda34f4ae,4,541
d6c6f0b5-303b-44ea-bae7-194a804f874f,1,192
d728bab2-9322-443f-afe6-376607a15749,1,110
d72dd0f4-c835-4d2c-a937-ceed1278bc8f,1,171
d7a344ee-7b6a-421a-82d8-69b5279bfbb8,4,728
d7d2be31-a78d-4a2a-8d48-8d36e5951840,3,256
d866e3b9-811f-46d2-90a9-6c3027c9f2f5,1,158
d8a2a44e88b52057fbd73cec38b64a88,4,586
d8afcd55-36d4-4418-b02e-b4d272fb2775,1,96
d8b61cfa-51a8-4102-9f17-e350fea905a3,1,139
d9206057-05c1-473c-a2da-030d856a86a8,1,147
d94027f1-aa42-4948-bb14-54c85569c39c,1,127
d95a0a19-aa60-43c9-8a4d-0143990ed3b0,1,213
d9690d9c98c0468d044a5f6ec6bf438d,3,459
d9ce037c-3235-4010-8bda-fe3aabaff657,1,105
d9e54d88-87b7-4c0b-987d-b38b447d14f0,1,125
daefe02c-0804-4dc6-92b2-246ffdd123b5,1,255
db05158c-b9e2-4046-8f2d-9c32a533b050,6,1256
db428ca2-e8d6-44b3-8405-de3945594e22,1,75
db516d30-9c8e-45a9-b983-4bfdeb377df7,1,155
dba040bc-7020-446c-993e-c54e8e5e42ff,3,257
dbfe8fb6-2a6c-430f-882d-45eb47a8b7ca,1,109
dc2e0fd2-96cf-4e3a-8ba7-cc4b0ac96d51,4,720
dc4ca5af-5558-4a3e-b4d9-8726ddf0bcc1,1,176
dc7994df-a64e-4bbe-847f-188f435bf791,3,368
dca828bf-f52e-43af-9f6c-8493311f3d17,3,363
dcba61d2-17ac-48d9-a47b-62e5fee75de0,1,69
dd4d7293-9ac8-4bc5-b589-8caf57e801f4,1,152
dd941a04-2404-4ab6-a877-6c5c35251cc5,1,114
de604bf7-b95d-4fd9-bd1a-c750cb934c93,1,125
de6b9677-1077-4f4f-bfd3-8f51224789d7,1,142
de71810c-7a14-42e4-8065-409b74d7007e,3,320
de7840e4-e46a-4091-8332-26b27a4ed991,1,93
ded4480d-4ff8-4655-bcf8-914d4b4189f8,1,170
df37ed27-9e1e-485c-b9f3-f714a09a409b,3,574
df64626b-b89f-4a7a-83a5-6286f2733a02,4,614
df91de2a6d8da5c28cf3e9dc2c984e76,4,308
dfda1efe-0b96-42bb-98d9-95d11c7c550c,1,174
dff7d4b0-15eb-45c5-b316-c2dbfc8aa9a1,1,80
dffb9fab-06a8-4881-a71e-b6d4d9d4850e,1,132
e041ed01-b3ce-447f-b572-598b534e05ab,5,949
e07b73f3-e07e-4a91-98d6-e5444ecc6200,1,115
e0c29b1a-4ad2-4036-9f44-46487b0caa8c,5,660
e0df408f-b088-4664-b687-b19dcdc95ad4,1,94
e0ed156b-1f89-40d0-8397-863efaa036bd,1,88
e0f24f2e-cbe2-48af-a89a-237c5f3b039f,3,470
e0ffdbb5-0b7e-4c50-8d91-ad306d295dd6,3,461
e16cf892-e7b2-4ffd-b451-1396ae0523fd,1,190
e187d971d2d727fbf9566ed3b2758e5d,3,614
e18ec1e4-6f0e-4c02-befb-7d81b148979a,4,843
e1af5d2a-ce2d-416a-b468-97e1d545c226,4,525
e20b67c9-a10a-4335-b2e5-587da054d03c,4,588
e2136e39-de6d-460c-9dc3-b5cef6c376be,1,163
e24d0325-fb5b-4dc8-9a44-eb6270666456,1,91
e31501ef-4768-46ab-a071-4277b31454f7,3,139
e34da540-1543-4491-9778-c70aabd49522,1,70
e407222f-f3c7-428d-b681-44f1367d2926,1,140
e42a0381-3520-494b-88e3-38633774493e,4,270
e42e12ec-7b4f-453b-b235-08ae7a35e083,3,382
e435c40e-0e08-430e-bde2-ba7690f4f95c,1,162
e43bb73f-8b44-4172-ad46-67050c7a18cb,1,151
e46a2fa1-2d08-4d70-a90f-a22ef4dbd217,3,286
e480b80c-dde3-43e3-9f8a-8a826e1436cb,4,715
e48f22ba-3ca3-422b-94db-5436a415b94c,5,1082
e4bf8d06-bea8-420d-a934-49d333dadd7e,3,299
e4e2dda1-2f58-447b-a149-87bcf0ef3347,1,142
e51c2e7c-e177-4bfc-8e0e-242e03ce0da1,1,116
e52bf4fe-e869-409a-8cbf-f5055c9a161e,1,165
e5498977-713d-43be-bb1f-571b2284c1a0,1,118
e57bd355-a3c8-4581-b216-f885f5cba34a,3,445
e57d5ee3-d812-4b3a-babc-40161327370e,6,589
e5b4c75b-4d67-4ff8-80ff-8995cef36521,3,335
e5c9823d4dc4b3a1d511bd38c466b2c9,8,1317
e5e5fae3-8834-4900-85a0-5aba8857983d,3,239
e60233f7-4e81-459e-9721-15db4a0bf33d,1,88
e64f7d37-442f-438d-98c5-e40d113e6755,1,145
e679a115-ee47-46e9-a28c-f841e7db09cb,1,139
e69e49f0-2b93-430a-8699-d32765912d23,1,148
e6cd0771-89a4-4957-97dd-70dc6d726e36,4,639
e6f593f0-4f67-45cc-bdd0-68a99c6bef1b,1,83
e74b35fb-f920-4dc2-9374-ba038133aa66,1,199
e7a552e3365e9038ecb8e1e1bbf609e1,1,73
e7c0eb49-9f1f-49f2-aee8-8cc94cef4bda,3,294
e7d346bc-0a2b-4067-9acb-279dcad216ae,1,235
e8431344-269c-4e3c-947e-a9d5691c8917,3,444
e846645b-0e14-462a-a3e4-945719798ca6,1,178
e8c6c992-b79a-4f90-8a14-ad9a3354ffe9,3,545
e8c9aea3-c129-441a-bfe8-57c902a25e22,1,73
e8ca2f6d-3f76-492a-b71d-40c724676232,1,152
e8ff70b0-0f40-423b-8537-bd2f3796d283,4,565
e9048505-d0b4-46a6-9ebc-5ce90dd17489,1,117
e91ff1f1-e647-4dd9-b697-6e6c5a704449,3,379
e96ea7c9-168e-4a0f-91dc-945965f1714d,1,96
e98818ec-a3b0-4f2b-8e75-7c3de12125ce,1,156
e989932e-0d07-4112-91c5-fec2b441bbcf,4,412
e99291f6-ac47-428d-9aee-e554759e1872,1,133
e9fb705d-6d69-4c47-9aa0-64ac1b264b28,3,470
ea1c5907-42d6-4fa1-bb5f-92e6872e6c80,4,723
ea6430f6-6e59-4961-ba86-72aacd2bcd3e,3,228
ea6f8458-c800-4c71-90cd-ada8191c3c86,1,92
ea8581c83f85e0cbc9933ef0ba73d5a7,4,958
ea9b1099-41be-4778-87d7-c7c29bdb1848,1,65
eb0eace2-5138-48ec-8243-2dccc6913ff8,3,321
eb3be6a6bec8e21935356ebda5689e13,3,288
eb419982-5c4b-4c52-be97-1353ec82c339,1,271
eb49b230-c9cd-4f4e-96a2-b56644cb55a1,3,179
eb894534-cd96-4836-b2a6-c213b33b1c64,3,656
ebd41bef-4b88-4518-9d90-5579569ad294,3,416
ebea50ff-73d8-4c27-893f-e890cc663071,1,146
ec044402-5941-4c27-884f-e87d4b338e34,4,763
ec34ba06-4f44-4c43-b43a-8c349c1aecc5,3,251
ec36fbde-9450-4cbf-8051-3f52a2f7d0a2,6,547
ec44647f-554d-47dd-b4a5-e60b4a7e6535,1,152
ec4dc2f4-55fe-4069-98ae-c6b4baa337f8,1,157
ec73fd63-26b9-4c66-b700-6c7f2b1927b5,1,305
ec9bef5b-a9f9-44a4-aa85-1a6051f84da3,3,707
eca88504-a3f6-43dd-b9d4-36a4e0a5d00d,1,108
ecfd4cb8-3bf8-45af-bd4e-173ede67a959,1,184
ed7f0b14-76ca-4e43-b9cc-2d4b4699efc8,4,456
edc57b0a-2ee2-425c-8396-1d480f6445d7,5,880
edf1e968-4ffa-4681-bfe0-be2c529da36e,3,347
ee87301e-f67c-4ea0-b02f-8f934fd37457,1,150
eee99d1e-0fbb-4938-9037-7b430d18ebe5,1,155
eef3ddc3-fb81-47dc-8ab5-b18a8901a258,1,124
ef8c982c-5d6b-40f1-83a7-b9ff3a145ce7,4,502
f0074f0d-df8e-4170-914e-a3fc3df2d424,4,502
f06852d7-aded-4fbb-9fda-a6248c73214e,5,964
f0742b26-76ac-4d4e-af63-d2c62aa0fdc5,4,525
f0847668-c193-4def-a5ed-ce9ef36278de,4,581
f0ebfde4-f255-4752-8adc-ac7bcbe65b1a,3,447
f1006d6c-ab29-4b99-86a5-bbb3f8785b46,1,169
f115ab2c-28e4-4152-8811-b7db92b47606,3,497
f152b4d5-b6c6-4ff5-b725-135a3f1a4621,3,280
f18fa8b6-3294-4cb7-99c8-6d1774870dce,1,79
f1e136bd-f001-4e7c-84aa-b503ba58675f,3,322
f2086f05-8015-4fcb-82c2-82d61101ab9f,1,142
f240ee83-90a1-4c4e-a860-4e23838b4aa6,3,434
f28ff224-5f25-473f-adbb-7f347f2a9397,1,124
f2bf0218-da6d-422c-8315-cd6374d9e0c9,1,82
f2f7fc72-9bda-4e60-a478-9c6413aa27a4,1,157
f39e214c-4541-438f-9950-c3c3e452b18b,1,188
f3ba188a-5ebd-456b-9e38-5af8180f62e3,1,89
f3be871f-3bdb-4488-9892-52541410579e,4,470
f3d4c9d4-e80a-422b-8ab4-ca5e9036db11,1,241
f3dd69f8-8f59-4b4f-91eb-b5a9a7404126,1,92
f44a0a7f-f106-4b3a-abe8-29b4199285f3,1,128
f4a260ed-fe5e-48d5-9552-fcbed4642ce7,3,537
f4b2f099-99f3-43c2-a08e-972d2c5048d7,1,96
f4c64fa9-01c0-4ee8-86f7-f52fd5279d1c,6,611
f4ff4765-86cc-4e9e-a541-3b386c285855,3,268
f5201178-1991-4d63-b21a-b9296b678734,3,587
f535a9a8-39e5-4bf4-beb1-310f3f995770,1,83
f6437856-ff95-4487-bce3-94dee810700c,1,222
f655762a-7328-4632-8a78-ff5653057f31,1,140
f65b00b4-9d3d-4f18-880a-9636436f5e0f,4,676
f67354d0-6a66-48d2-9d2e-16a93d0da412,1,98
f6a5e8ea774462cfd1194f20ec4a1137,8,1321
f71748ab-bb87-4baf-b9d7-d3e11edbbf48,1,238
f7287d03-ced2-4332-9283-dbf3780af58b,1,156
f8748849-1143-4cab-9845-cf1eeafc17c0,1,195
f87b9530-181a-446a-bf53-a99e818334dc,1,86
f8f44b32-d20a-42cf-8b8a-93925512797e,1,140
f939dd2a-eb29-40d1-a769-a2d4b0f2f128,1,132
f952a546-6267-4da6-a7f5-02743c1c36db,4,343
f956d347-25cb-4a0d-b03a-c9cbf9511bd9,4,666
f969bb3f-1563-4dd5-a702-5186a305be6f,1,147
f9abe858-a565-4f6f-90ac-138c65ff9f13,5,726
fa05968e-8c36-4afa-bd33-4c44d5d66ec2,4,756
fa08c1c2-5e70-4e23-a30f-d4715255d90b,1,195
fa49bb2c-75b4-4b35-9661-df399b5a46e1,8,944
fadc6e39-a085-4708-9a5f-1ccd320c645f,1,106
faec60d5-18dc-46ec-b374-8157804b5cc0,1,194
faeec31e-b0e6-4387-bc68-46f21def7691,1,133
fb6b6c6a-acbc-4d4d-8311-c56060b8d071,1,120
fb73c7ab-8f3f-42d1-aa40-e1e9a04f348c,5,547
fb78b757-6396-414c-9e61-305410b0d671,1,166
fbf7eaa8-9347-46b8-82c6-c48dbebed6e8,4,807
fc173452-3bb6-4600-a26b-0bb322b4ec83,1,73
fc22c3f4-c1c1-4cbc-917c-c2540860aa60,1,194
fc622fee-cd63-454f-a5e3-482a22f7e4b2,1,213
fcc17666-afca-4c17-bfb0-94cb76783fba,1,174
fd074db7-8f07-4cf3-930c-c2c93e196394,1,173
fd1de10b-b5ff-41a2-87bd-7c0dc976718a,1,142
fd4f4616-cfb3-4c95-be89-a1a8830f74c6,4,539
fd91f5ba-807a-4f3f-ba25-d0c86823d42e,1,175
fdb7016e-9fed-41f0-972e-80874c3f8934,1,114
fdb858ef-8b96-417b-9461-03b5263993e0,4,527
fde24121-ca2e-43df-9f50-0f7a8497ce2d,4,539
fe3811bf-66c3-4b14-858b-48c737bc53a6,1,87
fe98420b-bd28-493a-a6cb-681ebe98272b,4,619
fed344e6-0f61-44cf-9588-a57427c32cbb,1,187
ff07d4d5-0bab-4ee4-8237-9830ab598247,1,231
ff23d3c2-0961-43c0-b16d-2524f785453f,1,182
ff5c5de0-6b11-4035-a8c1-209c3339a8cb,1,70
ff60ffdf-4cca-414b-8fdc-7c062ef269b9,1,134
ffdc9ed8-c4e1-4b81-8843-e85ca8fb4327,1,126
