word,count
tarjeta,9029
que,8936
puedo,6274
crédito,5339
una,4389
para,4363
como,4310
cuenta,4173
con,4076
por,3286
quiero,3201
cómo,3083
tengo,2951
hey,2668
pero,2380
hola,2205
hacer,1829
banco,1679
transferencia,1524
meses,1479
número,1467
gracias,1450
donde,1444
dinero,1426
pago,1394
qué,1392
los,1364
cancelar,1286
aparece,1261
credito,1235
del,1121
pagar,1037
auto,1031
app,1025
porque,1004
saber,992
cuánto,968
necesito,947
está,944
cargo,935
sin,919
dice,861
atención,851
cuál,848
dónde,845
token,833
asesor,824
puede,803
cuando,798
hablar,797
solicitar,783
ver,776
mis,745
física,742
saldo,722
personal,703
hay,696
débito,693
las,680
clabe,674
hice,655
compra,648
límite,635
pesos,633
tiene,629
deja,624
puedes,608
esta,607
cual,588
clientes,586
desde,586
enganche,584
hago,576
opción,574
cuanto,568
retirar,564
nueva,554
tiempo,552
más,551
cliente,551
garantía,547
cambiar,527
solo,524
monto,517
veo,515
préstamo,493
garantizada,483
transferir,482
aclaración,481
transferencias,476
todo,474
estado,463
otra,460
nip,456
favor,453
recibir,453
este,451
aplicación,445
efectivo,445
deuda,437
aún,432
numero,430
apple,418
sale,417
mil,417
correo,416
otro,416
cobro,412
línea,410
dar,407
automotriz,407
cambio,403
eso,402
mes,400
banregio,388
clave,385
debo,382
día,380
son,378
teléfono,378
pagos,372
quisiera,371
ese,362
contacto,361
seguro,356
reconocido,353
depositar,352
pueden,351
pendiente,351
encuentro,348
pasa,346
entonces,341
intereses,341
costo,334
pay,328
reconozco,326
sobre,319
algún,315
compras,315
movimiento,314
usar,313
tener,311
reportar,309
servicio,304
tdc,303
esa,301
cajero,300
reflejado,300
retiro,299
virtual,297
fue,297
activar,297
cargos,296
depósito,296
ser,293
nada,290
tasa,290
norte,290
sacar,289
información,288
días,285
domicilio,285
realizar,284
buenas,281
estoy,279
obtener,279
pal,278
anualidad,269
hace,269
ayuda,267
hoy,263
llega,261
centro,261
havi,258
wallet,258
tarda,258
plazo,253
depósitos,252
reposición,252
interés,250
sería,248
beneficios,248
comprobante,247
datos,246
pedir,245
cajeros,244
proceso,243
bloqueada,243
solicito,241
movimientos,241
muchas,234
ahora,233
javi,231
tarjetas,231
problema,230
comisión,230
cancelo,229
funciona,226
fecha,224
requisitos,224
están,224
cuentas,223
nuevo,223
paso,221
años,220
verificar,220
diferir,219
digital,218
pro,216
comprar,214
actualizar,214
hicieron,212
inversión,210
llamar,209
limite,207
momento,206
codi,206
aumentar,204
oxxo,203
mas,203
duda,202
debito,202
interbancaria,202
año,201
nómina,201
tardes,200
voy,199
hasta,199
error,198
reembolso,198
llegó,197
alguna,190
buen,190
bien,189
activo,188
disponible,187
apartado,186
ustedes,185
atencion,185
mismo,185
sigue,184
fisica,183
poner,182
venció,182
cashback,180
revisar,178
fan,177
persona,177
algo,176
poder,174
total,173
linea,173
han,172
cotización,172
soy,169
aun,169
código,168
celular,168
solicitud,166
dos,165
sea,165
horario,164
refleja,164
cobran,164
correcto,163
validar,163
activa,162
ayúdame,161
anterior,161
tienen,159
liquidar,159
llegado,157
incorrecto,155
marcar,154
eliminar,153
uso,152
deposito,150
contactar,150
usuario,149
rastreo,149
2026,148
ejecutivo,148
okey,148
decir,147
dame,147
mensaje,145
así,144
aclaraciones,143
antes,143
permite,142
oye,142
después,142
shop,141
aumento,141
corte,140
ayudar,139
terminal,139
menores,138
estados,138
bancos,138
mensual,136
abrir,136
cantidad,136
dan,136
hacerlo,134
realice,134
alguien,134
comunicarme,131
pide,131
gustaría,131
portabilidad,131
agente,131
estatus,130
hizo,130
cuáles,128
problemas,128
10%,127
van,127
ayer,126
seguir,125
carro,125
agregar,125
plástico,123
vez,123
vencimiento,121
validación,121
dirección,120
contrato,120
soporte,120
devolución,120
máximo,120
ahorro,119
tradicional,118
aplicacion,117
desbloquear,117
negocio,116
también,115
aquí,114
baja,112
checar,111
tenía,110
extranjero,110
enero,110
descargar,110
nombre,109
generar,109
telefono,109
pido,109
podrías,108
envío,108
notificaciones,108
contratar,108
recibo,107
reporte,107
parte,106
interesa,106
entrar,106
todos,106
historial,106
obtengo,106
perfil,106
ocupo,105
uber,105
cada,104
pues,104
pongo,104
vence,104
promoción,103
100,103
opcion,103
comunicar,102
hora,102
actual,102
dia,101
esos,101
garantia,101
unos,101
factura,101
spei,101
negocios,100
buenos,100
bloqueado,100
tipo,100
llego,100
adicional,100
misma,99
banca,99
volver,99
rastrear,99
vehículo,98
caso,98
vencer,98
mensualidad,97
whatsapp,97
nomina,97
reconocidos,96
transacción,96
pasos,95
cobra,94
pasar,94
disponer,94
consultar,94
marca,94
unidos,94
explícame,93
recibido,93
invitación,92
cotizar,91
aparecen,91
recuperar,91
otros,91
recarga,91
ningún,90
alta,90
apartados,90
productos,89
pregunta,89
cuesta,89
prestamo,89
pueda,89
independiente,89
febrero,89
capital,88
bancaria,87
acciones,87
cuales,86
esto,86
promociones,86
encontrar,86
moto,86
dual,86
aunque,86
manera,85
llegar,85
tienes,85
veces,85
vencida,85
posible,84
mínimo,84
dime,84
ingresar,83
marzo,83
sucursal,83
diario,83
opciones,83
uno,82
muy,82
debe,82
cobros,82
esperar,81
constancia,81
nunca,80
doy,80
comisiones,80
bloqueo,80
ninguna,80
ahí,80
actualización,80
acabo,80
horas,79
comunico,79
haciendo,79
levantar,79
verifico,79
era,78
renovar,78
automático,77
acceder,77
saco,77
deseo,77
hecho,77
pague,77
enviar,76
repetir,76
contraseña,76
significa,76
normal,75
verificación,75
había,75
recompensas,75
llegan,75
forma,75
solicitarla,75
impuestos,74
mal,74
algun,74
sat,74
osea,73
dias,73
utilizar,73
intento,73
iniciar,73
dicen,72
pendientes,72
pedí,71
electrónico,71
podría,71
actualizo,71
sección,71
llamada,70
ejemplo,70
existe,70
subir,70
tramitar,69
depositos,69
retenido,69
documentos,68
acceso,68
igual,68
solicite,68
amazon,68
telefónico,68
cobrar,67
ahorita,66
noches,66
recibí,66
renovación,66
siempre,66
cuento,66
tecate,66
retiros,65
edición,65
llevo,65
piden,65
reflejarse,65
usando,65
bbva,65
anual,65
ellos,65
creo,64
verdad,64
otras,64
medio,64
mercado,64
ayudame,63
menor,63
porfavor,63
seria,63
realizó,63
aire,63
cerrar,62
póliza,62
2025,61
reflejada,61
cambia,61
cualquier,61
rendimiento,61
mandar,60
números,60
swift,60
cobraron,59
interes,59
web,59
viene,59
telcel,59
cep,59
cambió,59
móvil,59
rechazada,59
solicité,59
siendo,58
humano,58
mucho,58
será,58
quiere,58
seguimiento,58
bueno,57
sabes,57
inmediato,57
tardan,57
queda,57
targeta,57
tendría,56
seleccionar,56
quien,56
aclaracion,56
tarde,56
hacen,56
fondos,56
tienda,56
movil,56
sirve,55
ingreso,55
den,55
intenté,55
oferta,55
dudas,55
versión,55
requiero,55
rembolso,55
cumplo,54
cuándo,54
inversiones,54
tenga,54
pagando,54
pagaría,54
falta,54
crear,54
programada,54
cobrando,54
venta,54
reporto,54
transacciones,54
entiendo,53
100000,53
todavía,53
hijo,53
valor,53
chat,53
referencia,53
pasado,53
recuerdo,53
bloquear,53
notificación,52
directamente,52
1000,52
dieron,52
realicé,52
invertir,52
última,52
inactividad,52
abono,52
cancelación,52
quitar,51
heybanco,51
ayudas,51
ayudarme,51
conseguir,51
perdí,51
darme,51
pasaron,51
actualizada,51
aplica,51
trasferencia,51
reviso,51
disposición,51
robo,51
ella,51
solicitarlo,50
siguiente,50
quise,50
firma,50
pagué,50
msi,50
dispositivo,50
página,50
google,50
usa,50
mañana,50
refiero,49
directo,49
tal,49
respuesta,49
crediticio,49
trámite,49
codigo,49
registro,48
adquirir,48
regresan,48
tanto,48
sigo,48
quería,48
encuentra,48
buró,48
internet,48
intentando,48
depositan,47
lugar,47
pasó,47
mandaron,47
estan,47
entre,47
viaje,47
robaron,47
recargas,47
actualmente,46
parece,46
ofrecen,46
cancele,46
todas,46
punto,46
cobren,46
tenia,46
active,46
seguridad,45
dentro,45
realizado,45
comercio,45
120,45
link,45
les,45
200000,45
último,45
precio,44
domiciliado,44
disculpa,44
20%,44
meter,44
validada,44
8143922626,44
intentar,44
varios,44
doble,44
automáticamente,44
libre,44
puse,44
informacion,44
recoger,44
checo,44
rechazado,43
luego,43
mayor,43
diciembre,43
autorizado,43
liquide,43
destino,43
nuevamente,43
marco,43
disponibles,43
comision,43
buzón,43
cat,43
llegue,42
guíame,42
tres,42
cambiaron,42
entrega,42
usarla,42
horarios,42
diseño,42
sucursales,42
puedan,41
comercios,41
aplicar,41
tuve,41
monterrey,41
manejan,41
rechazaron,41
5000,40
30%,40
cancelada,40
antigua,40
modelo,40
pagarlo,40
estaba,40
tranferencia,40
hija,40
créditos,40
semana,40
necesario,40
banxico,40
estar,39
debería,39
autos,39
incrementar,39
mejor,39
rechaza,39
prestar,39
regresa,39
tampoco,39
000,39
teniendo,39
sesión,39
reponer,39
adelantar,39
trasferir,39
cash,39
méxico,38
"200,000",38
intente,38
saldos,38
sido,38
bloquearon,38
mensuales,38
puntos,38
ingresos,38
retención,38
ine,38
activada,37
empresa,37
maximo,37
gratis,37
tiendas,37
liga,37
revise,37
cambie,37
límites,37
agrego,37
2020,37
desbloqueo,37
cuantos,37
registrado,37
buro,36
"300,000",36
tambien,36
candidato,36
buena,36
asi,36
menos,36
pude,36
mensualidades,36
modificar,36
ósea,36
okay,36
detalles,36
aqui,36
haga,36
seguros,36
seminuevo,36
cheque,36
back,36
minutos,36
cdmx,35
resolver,35
tendré,35
abril,35
hagan,35
dijeron,35
dando,35
aparte,35
podré,35
servicios,35
bloqueó,35
2023,35
podrían,35
transaccional,35
diferimiento,35
dimo,35
"100,000",34
enviaron,34
tema,34
montos,34
perfecto,34
primero,34
establecimiento,34
das,34
canceló,34
vencio,34
producto,34
dio,34
hsbc,33
vale,33
entro,33
vía,33
indica,33
físico,33
iphone,33
inversion,33
cancelarla,33
intentos,33
primera,33
descargo,33
ligas,33
pin,33
"50,000",33
paga,33
consigo,33
genera,33
proporcionar,33
domiciliados,33
fondo,32
esté,32
operación,32
edad,32
500,32
decirme,32
unas,32
dejar,32
aclarar,32
fraude,32
porcentaje,32
embargo,32
fueron,32
abonar,32
financiar,32
querer,32
deposite,32
referido,32
telefónica,32
200,32
manejo,32
plan,32
válido,32
pagado,32
menú,32
estos,32
coche,32
penalización,32
retenciones,32
referir,32
extravié,32
pantalla,32
toda,31
final,31
acepta,31
abre,31
mensualmente,31
correos,31
contactarme,31
siguen,31
recompensa,31
adeudo,31
esque,31
300000,31
diciendo,31
apertura,31
beneficio,31
depositen,31
transfieran,31
diferente,30
dólares,30
trabajo,30
partir,30
explicame,30
empresarial,30
claro,30
liberar,30
boletos,30
instalar,30
suscripción,30
sms,30
realizaron,30
aceptan,30
llamo,30
julio,30
manda,30
real,30
cobró,30
reclamar,30
folio,30
ciudad,29
taza,29
porfa,29
supone,29
avanzar,29
ahi,29
esas,29
validado,29
apenas,29
iva,29
borrar,29
asistencia,29
principal,29
minimo,29
apareciendo,29
abrí,29
elimino,29
confirmar,29
revisión,29
documento,29
vigencia,29
recargar,29
inicio,28
hacerme,28
completo,28
transfiero,28
hablo,28
realizo,28
tpv,28
varias,28
mía,28
hipotecario,28
registrar,28
procede,28
consulto,28
correctamente,28
expiró,28
internacional,28
descuento,28
primer,28
1500,28
coins,28
status,28
gustaria,28
plataforma,28
solamente,28
paypal,28
internacionales,28
reposicion,28
aprobado,27
plazos,27
20000,27
tenido,27
fui,27
cerca,27
biométrica,27
casi,27
cvv,27
personales,27
fuera,27
recepción,27
sus,27
cancela,27
realiza,27
descontó,27
reclamo,27
busco,27
gasto,27
simulación,27
emergencia,27
espero,27
dado,27
contestan,27
quedaría,27
festival,27
pone,27
terminar,27
quedó,26
condiciones,26
podria,26
orden,26
revisé,26
didi,26
renuevo,26
mande,26
actualiza,26
personas,26
reflejar,26
pagan,26
quitaron,26
automóvil,26
técnico,26
acerca,26
pedido,26
funcionar,26
cuantas,26
vigente,26
tasas,25
poco,25
licencia,25
extra,25
ofertas,25
amigo,25
2000,25
parámetros,25
sólo,25
deben,25
50000,25
financiamiento,25
fiscal,25
respecto,25
través,25
descontaron,25
mira,25
realize,25
ala,25
mandan,25
casa,25
regreso,25
transferi,25
2024,25
rechazo,25
hacia,24
despues,24
según,24
anteriormente,24
ningun,24
entregada,24
scotiabank,24
botón,24
afecta,24
rfc,24
prestan,24
detalle,24
autorizan,24
elegir,24
adicionales,24
2019,24
salen,24
acuerdo,24
seven,24
devuelven,24
convenio,24
preguntar,24
incremento,24
haber,24
envio,24
quieren,24
santander,24
pertenece,24
muestra,23
10000,23
diferido,23
registrarme,23
regresado,23
dijo,23
autorizar,23
podrias,23
"150,000",23
iba,23
duplicado,23
regresar,23
150000,23
recibiendo,23
editar,23
carta,23
nan,23
aprobada,23
50%,23
debido,23
semanas,23
"10,000",23
quiera,23
score,23
vincular,23
membresía,23
recomiendas,23
exactamente,23
compartir,23
inteligente,23
agencia,23
cuántos,23
sistema,23
extraviada,23
sucede,22
apoyo,22
digo,22
mío,22
decía,22
fanshop,22
acaban,22
utilizando,22
ayudes,22
cambiará,22
activarla,22
autorice,22
2017,22
aproximadamente,22
difiero,22
cancelado,22
estará,22
intentado,22
simular,22
motivo,22
cotizacion,22
improcedente,22
direccion,22
billetera,22
deudas,22
carátula,22
establecimientos,22
conocer,22
bono,22
aplicado,22
electrónica,22
programar,22
cuanta,22
serían,21
evitar,21
incluye,21
tardar,21
necesita,21
ami,21
boleto,21
registrada,21
depositaron,21
play,21
nivel,21
podido,21
diferentes,21
dicho,21
oficial,21
automáticos,21
ilimitado,21
ingrese,21
plastico,21
aviso,21
pudo,21
ticket,21
eres,21
diferencia,21
mediante,21
perdi,21
quién,21
préstamos,21
fallando,21
básica,21
echo,21
viernes,21
cambiarla,20
tan,20
simple,20
receptor,20
daría,20
ventanilla,20
hize,20
500000,20
dejó,20
tus,20
lunes,20
suficiente,20
igualmente,20
ponerme,20
pedirla,20
150,20
darán,20
aceptar,20
envié,20
asistente,20
diseños,20
bancario,20
rechazan,20
procedimiento,20
300,20
meto,20
esperando,20
llegando,20
referidos,20
aparecer,20
cancelaron,20
continuar,20
representante,20
haya,20
liquido,20
eleven,19
camino,19
solicitó,19
"$200,000",19
activado,19
dices,19
salió,19
aser,19
maneja,19
correcta,19
solicita,19
poliza,19
terraza,19
reportarlo,19
devuelto,19
toma,19
pregunto,19
verse,19
vuelve,19
lista,19
funcionando,19
termine,19
15000,19
equivoqué,19
usado,19
seminuevos,19
invierto,19
ofrece,19
institución,19
promocion,19
vida,19
extravío,19
desactivar,19
validacion,19
compré,18
foto,18
30000,18
refiere,18
estafa,18
pronto,18
reflejó,18
funcionan,18
transfirieron,18
cambié,18
rechazó,18
costos,18
original,18
podre,18
captura,18
pedi,18
autorizaron,18
visto,18
diferida,18
pásame,18
explicar,18
porqué,18
protección,18
excelente,18
400000,18
cumplir,18
compro,18
dejo,18
disculpe,18
pagina,18
cierto,18
situación,18
repites,18
reconocida,18
cae,18
inválido,18
aprobación,18
mexico,18
apoyar,18
programadas,18
vencido,18
revisa,17
solicitado,17
dígitos,17
crees,17
atender,17
cumple,17
hacerle,17
prestamos,17
acaba,17
250,17
transferí,17
sábado,17
ofrecer,17
graduarme,17
hubo,17
traer,17
generó,17
perdón,17
terceros,17
600,17
enviado,17
sino,17
motocicleta,17
pdf,17
solucionar,17
deje,17
cuéntame,17
depositarme,17
domiciliación,17
acudir,17
60000,17
importa,17
contado,17
mejorar,17
reclamación,17
cambios,17
llama,17
quito,17
valide,17
gastos,17
banamex,17
aclaraciónes,17
reenvío,17
guardar,17
40000,17
negativo,17
traspaso,17
perdió,17
3000,17
libera,17
coincide,17
desconocido,17
valido,17
javier,17
aprobaron,17
rato,16
posibilidad,16
ninguno,16
iban,16
bajo,16
guiame,16
lugares,16
estaría,16
tratando,16
próxima,16
hábiles,16
millones,16
adelanto,16
buscar,16
parecer,16
cambiado,16
abro,16
lleva,16
use,16
aplico,16
pagarla,16
recibi,16
hazme,16
nos,16
entregan,16
mxn,16
garantizado,16
250000,16
depositando,16
entra,16
lado,16
reflejo,16
habrá,16
apareció,16
reciba,16
guía,16
cheques,16
etc,16
tomen,16
configurar,16
trasferencias,16
destinatario,16
mexicanos,16
registre,16
ubicación,16
transfieren,16
dato,16
inicial,16
recupero,16
carga,16
personalizada,16
rechazando,16
periodo,16
liquidado,16
reemplazo,16
tramito,16
ise,16
mando,15
recurrente,15
pase,15
tomar,15
verifique,15
palnorte,15
hrs,15
envió,15
cobrarán,15
"$100,000",15
regresen,15
vivo,15
propia,15
version,15
consulta,15
autorización,15
sola,15
hará,15
mantener,15
transfiere,15
equipo,15
gano,15
podrá,15
general,15
entregaron,15
darían,15
dura,15
cuántas,15
diarios,15
automatico,15
bancomer,15
guadalajara,15
proceder,15
nuevos,15
vuelvo,15
enlace,15
recogerla,15
obtenerlo,15
diferidos,15
próximo,15
operador,15
cargar,15
devolver,15
actualizado,15
acción,15
ago,15
vender,15
ambas,15
desapareció,15
dólar,15
añadir,15
dhl,14
algunos,14
adquiero,14
gastar,14
llegara,14
ahorros,14
ceros,14
listo,14
"500,000",14
atienden,14
ultima,14
noche,14
click,14
entregar,14
obtenerla,14
cero,14
cosa,14
acepte,14
selecciono,14
titular,14
financiado,14
cosas,14
domingo,14
ofrecieron,14
quedo,14
conviene,14
queja,14
pesar,14
nadie,14
verificada,14
durante,14
tardará,14
además,14
bloquee,14
info,14
numeros,14
cancelé,14
podía,14
dijiste,14
fechas,14
llegará,14
amigos,14
trato,14
requiere,14
localizar,14
extravió,14
podemos,14
hábil,14
beneficiario,14
15%,14
manden,14
cambian,14
visa,14
desempleo,14
tope,14
beneficiarios,14
reflejan,14
seguirá,14
fallas,14
promocional,14
"20,000",13
modifico,13
pasas,13
ayuden,13
sii,13
transferirme,13
actividad,13
informes,13
país,13
empezar,13
contratación,13
renovarla,13
"30,000",13
máxima,13
grande,13
haré,13
nfc,13
2018,13
mensajes,13
ban,13
queria,13
propio,13
físicas,13
asociada,13
reconocer,13
pagaré,13
depositado,13
caído,13
válida,13
identidad,13
ganar,13
importe,13
25%,13
liquidé,13
correctos,13
usarlo,13
telefonico,13
concepto,13
fisico,13
tramite,13
especial,13
transaccion,13
terminales,13
segun,13
vieja,13
olvide,13
pidiendo,13
buzon,13
habia,13
querido,13
función,13
cobranza,13
mia,13
envíen,13
tenerla,13
llevar,13
temporal,13
telefonica,13
potabilidad,13
teléfonos,13
ven,13
caducó,13
tratar,13
visualizar,13
asociado,13
abonos,13
habilitar,13
asociar,13
perdida,13
espera,12
regresaron,12
caratula,12
aparezca,12
inbursa,12
configuración,12
probable,12
supuestamente,12
salir,12
dorado,12
leyenda,12
camioneta,12
ayude,12
europa,12
operaciones,12
envía,12
realizan,12
gaste,12
nacional,12
estamos,12
rechazados,12
urge,12
cuánta,12
recibiré,12
salgo,12
avanza,12
pasará,12
utilizo,12
nesesito,12
eran,12
estás,12
habían,12
mandé,12
pulsera,12
hacerla,12
whats,12
deposita,12
tendrá,12
2016,12
documentación,12
stp,12
muchos,12
"400,000",12
darla,12
acepto,12
reinicie,12
soluciones,12
huella,12
cambiarlo,12
dolares,12
anteriores,12
líquido,12
compre,12
financiera,12
trajeta,12
pico,12
traves,12
activas,12
vuelta,12
alto,12
cancelarlo,12
devuelve,12
confirmación,12
ambos,12
creditos,12
bajar,12
avisar,12
conmigo,12
clic,12
área,12
codo,12
particular,12
400,12
acesor,12
limites,12
vendedor,12
reportó,12
últimos,12
actualice,12
nose,11
reducir,11
califico,11
porq,11
ocupa,11
intentaré,11
llamadas,11
pensión,11
25000,11
recibe,11
reactivar,11
urgente,11
digitales,11
necesarios,11
justo,11
básico,11
rápido,11
devuelvan,11
apagar,11
llegaron,11
graduar,11
negaron,11
"$20,000",11
contesta,11
única,11
pre,11
entendido,11
aprox,11
promedio,11
120000,11
decia,11
responde,11
pasada,11
"250,000",11
resuelven,11
pagaria,11
totalmente,11
antigüedad,11
blanco,11
revolvente,11
género,11
ventas,11
chip,11
liquidarlo,11
pasando,11
min,11
inmediatamente,11
quedar,11
mano,11
menciona,11
firmar,11
vio,11
conversación,11
todavia,11
rappi,11
par,11
mantenimiento,11
completar,11
media,11
retencion,11
desbloquearla,11
indicar,11
perder,11
$5000,11
dada,11
segunda,11
corriente,11
borro,11
fin,11
darle,11
guardadas,11
cobrarían,11
dejé,11
azteca,11
guardada,11
ganancia,11
sera,11
invitar,11
aumenta,11
modelos,11
actualizó,11
equivocada,11
ampliar,11
promo,10
"15,000",10
agradezco,10
numeración,10
quede,10
mínima,10
toca,10
explicas,10
hospitality,10
daré,10
autoricen,10
razón,10
pusieron,10
reembolsos,10
mover,10
incorrecta,10
imss,10
domiciliada,10
terminé,10
2022,10
pasaporte,10
convierto,10
insuficientes,10
vamos,10
manualmente,10
nuevas,10
clonaron,10
remplazo,10
ocupar,10
vehiculo,10
2015,10
repuesto,10
pensé,10
banorte,10
llegarme,10
amable,10
cobre,10
nesecito,10
aplican,10
completa,10
intentarlo,10
$1000,10
reembolsar,10
forzosamente,10
tramitarlo,10
apagada,10
mmm,10
2021,10
cotiza,10
recurrentes,10
mandado,10
reembolsado,10
contacte,10
liquidación,10
mientras,10
términos,10
aceptaron,10
cumplió,10
abierta,10
inicie,10
red,10
declinada,10
llegaría,10
desconozco,10
enviarme,10
programa,10
tenemos,10
$100,10
repiteme,10
falla,10
devoluciones,10
encuentran,10
"350,000",10
portal,10
bye,10
bloque,10
"$150,000",10
canal,10
liquidarla,10
diga,10
electronico,10
estas,10
mismos,10
definitivamente,10
serán,10
asesores,10
generan,10
método,10
cierro,10
tap,10
tabla,10
segundo,10
responden,10
rendimientos,10
noviembre,10
chatear,10
resto,10
activación,10
caer,10
dió,10
agregarla,10
quitan,9
arroja,9
genero,9
num,9
informar,9
pienso,9
único,9
agua,9
mazda,9
descargarlo,9
inciso,9
cantidades,9
express,9
luz,9
mexicano,9
compañía,9
viajar,9
interesada,9
extravio,9
quedarían,9
verifica,9
color,9
cientos,9
generado,9
costó,9
abona,9
"$300,000",9
repite,9
refieres,9
subí,9
manejar,9
dise,9
podrás,9
diferirlo,9
4000,9
recibió,9
$250,9
comentan,9
verificarla,9
honda,9
ocasiones,9
biometrica,9
proporcionas,9
cable,9
logro,9
pagó,9
penalizacion,9
comunicame,9
realizarlo,9
liberación,9
finiquito,9
intentaron,9
verificacion,9
cierra,9
separación,9
desvincular,9
extensión,9
atienda,9
quisieron,9
tesofe,9
marcó,9
email,9
acta,9
evento,9
shops,9
metí,9
regio,9
trate,9
isieron,9
archivo,9
siento,9
físicamente,9
curso,9
ganó,9
interesado,9
dejame,9
vendí,9
desbloqueada,9
devolucion,9
excedí,9
cubrir,9
aumentado,9
ciento,9
esposa,9
anticipadamente,9
sesion,9
contrate,9
planes,9
identificación,9
subirlo,9
futuro,9
espacio,9
aprobar,9
cuestionario,9
león,9
watch,9
ola,9
digamos,9
identifico,9
escoger,9
deba,9
picarle,9
olvidé,9
pudieras,9
graduación,9
autorizados,9
700,9
activarse,9
autorizo,9
harán,9
cumplido,9
finalizar,9
atrasado,9
asociados,9
tdd,9
metálica,9
levanto,9
inusuales,9
robada,9
ayudan,8
siquiera,8
dejan,8
netflix,8
"$60,000",8
vaya,8
opcional,8
participantes,8
éxito,8
tardaría,8
sospechoso,8
instante,8
escribir,8
contáctame,8
checa,8
mostrar,8
sueldo,8
160000,8
necesitan,8
permanente,8
haz,8
mandó,8
puntaje,8
seis,8
"40,000",8
necesidad,8
“no,8
cargo”,8
simplemente,8
funcionó,8
pagada,8
requisito,8
errores,8
aprueban,8
volví,8
800,8
fijo,8
adelante,8
fija,8
borre,8
mayores,8
contratarlo,8
verde,8
rebajaron,8
brindar,8
motos,8
colocar,8
ticketmaster,8
saldar,8
vacaciones,8
alertas,8
gratuita,8
seguiré,8
candidata,8
expliques,8
"$5,000",8
escrito,8
levanté,8
inactiva,8
tercero,8
configuro,8
alerta,8
seccion,8
gusta,8
vdd,8
ello,8
sams,8
contactarlos,8
contraté,8
veré,8
moral,8
alguno,8
entendí,8
pasame,8
dejará,8
tajeta,8
metalica,8
nunero,8
50mil,8
autorizó,8
atiende,8
gmail,8
envían,8
nacimiento,8
restaurante,8
descuenta,8
signo,8
dividendos,8
espere,8
envíe,8
realidad,8
desactivo,8
realizada,8
selfie,8
solución,8
noe,8
copia,8
cancelacion,8
nomas,8
comportamiento,8
utiliza,8
declaración,8
decido,8
hijos,8
contratado,8
banbajio,8
retenidos,8
salio,8
cuentan,8
retirarlo,8
depende,8
regrese,8
ofrezcan,8
abajo,8
store,8
center,8
tramitarla,8
tecnico,8
convencional,8
regional,8
agregué,8
remitente,8
autorizada,8
nissan,8
expira,8
peso,8
aperturar,8
cono,8
correspondiente,8
liquida,8
procedente,8
coppel,8
invalida,8
abonado,8
apto,8
mandando,8
vehicular,8
recientemente,8
ruta,8
termino,8
equivocado,8
agregó,8
explica,7
estaré,7
renueva,7
aplique,7
cancelan,7
dispositivos,7
paquete,7
llenar,7
suma,7
sigan,7
aproximado,7
amiga,7
oficiales,7
oki,7
regresarme,7
reflejados,7
exacto,7
digitos,7
infonavit,7
contando,7
optener,7
autoriza,7
identificar,7
spotify,7
rechazar,7
consentimiento,7
farmacia,7
180000,7
claves,7
ventajas,7
háblame,7
casos,7
específico,7
somos,7
tardando,7
reflejadas,7
descuentos,7
smart,7
genere,7
apps,7
online,7
junio,7
eats,7
pierdo,7
done,7
ajolote,7
quero,7
exacta,7
notificacion,7
capacidad,7
hubiera,7
dejara,7
caduco,7
credencial,7
ingresé,7
activé,7
persiste,7
llame,7
normalmente,7
grandes,7
intenta,7
solicitando,7
gestionar,7
completamente,7
específicamente,7
realizando,7
cubre,7
reconocimiento,7
sincronizar,7
recojo,7
"180,000",7
evaluación,7
totalidad,7
90000,7
termina,7
presta,7
perdon,7
participar,7
planeo,7
valida,7
caducar,7
errónea,7
adelantado,7
probabilidad,7
reconosco,7
migrar,7
predial,7
queriendo,7
guiarme,7
verla,7
formas,7
oficinas,7
demora,7
virtuales,7
tomo,7
bodega,7
quitarlo,7
vea,7
cobrado,7
quita,7
subido,7
preguntas,7
marcando,7
fallo,7
perdio,7
consiste,7
“pendiente”,7
aparecía,7
kiero,7
subo,7
$20,7
cuestión,7
saca,7
quieres,7
conozco,7
contigo,7
marque,7
incluyendo,7
mencionas,7
domiciliar,7
transferido,7
club,7
mándame,7
activarlo,7
amortización,7
aceptado,7
trata,7
pasara,7
"$400,000",7
pais,7
realicen,7
tel,7
recibos,7
meta,7
diarias,7
seleccione,7
reciente,7
code,7
revisarlo,7
call,7
seguí,7
ante,7
deudor,7
crecer,7
caerá,7
80000,7
hipotecarios,7
porciento,7
cerrarla,7
tendria,7
algunas,7
tendre,7
cambiara,7
debía,7
liberen,7
ccv,7
"120,000",7
referente,7
branch,7
restricciones,7
mail,7
revisando,7
cartera,7
retirando,7
reponerla,7
ponerle,7
sitio,7
contactos,7
expirar,7
recién,7
cel,7
activó,7
disfrutar,7
incluso,7
wue,7
oara,7
meterme,7
bin,7
programado,7
referenciado,7
favoritas,7
guiar,6
corregir,6
solicitan,6
cercana,6
sabe,6
atenderme,6
imagen,6
usé,6
súper,6
dejen,6
verlo,6
exitosa,6
electronica,6
digas,6
nomás,6
12000,6
octubre,6
saberlo,6
"450,000",6
pedirlo,6
cálculo,6
insuficiente,6
pasan,6
colombia,6
refieren,6
ponga,6
preferencial,6
"170,000",6
ocasión,6
desinstalar,6
verifiqué,6
casback,6
quedan,6
cobrarme,6
guia,6
operar,6
instrucciones,6
prueba,6
explicarme,6
heycoins,6
aparecerá,6
desinstale,6
demás,6
mejores,6
comunícame,6
origen,6
tipos,6
abri,6
liverpool,6
olvidó,6
implica,6
estén,6
mismas,6
caja,6
mente,6
ciclo,6
and,6
pérdida,6
edicion,6
joven,6
tuviera,6
volveré,6
vencerse,6
trabajar,6
anticipado,6
activos,6
vigentes,6
aceptando,6
oaxaca,6
desglose,6
volvió,6
permitido,6
cinépolis,6
contra,6
"80,000",6
mala,6
amplio,6
accedo,6
público,6
recibida,6
mayoría,6
ajuste,6
necesitas,6
utilizarla,6
cambiaría,6
acreditar,6
"$500,000",6
platinum,6
plus,6
1000000,6
expirada,6
ubicaciones,6
vinculado,6
comprobar,6
sean,6
cetes,6
registra,6
específica,6
descontado,6
com,6
recomendar,6
resuelvan,6
dispongo,6
quedaron,6
evito,6
220000,6
hecha,6
invertido,6
instalada,6
renovacion,6
"25,000",6
traigo,6
"$50,000",6
vinculada,6
coml,6
bank,6
jueves,6
per,6
esq,6
fisicas,6
adeudos,6
apoyarme,6
invitado,6
ligada,6
japón,6
realizados,6
diferirla,6
operacion,6
liberado,6
comparto,6
entran,6
levante,6
atendido,6
aprovechar,6
6000,6
asesoría,6
cobertura,6
empresas,6
dirijo,6
mundo,6
kia,6
preaprobada,6
inactivo,6
enviarlo,6
alias,6
modo,6
miedo,6
aurrera,6
7.5%,6
quedé,6
nop,6
complete,6
100%,6
entrego,6
automática,6
bonificación,6
comprobantes,6
verificado,6
remesa,6
procesada,6
entregado,6
azul,6
10mil,6
familiar,6
refleje,6
hacerse,6
impuesto,6
aliexpress,6
bancarias,6
texto,6
letras,6
favoritos,6
cobras,6
plaza,6
repongo,6
existen,6
cambiarán,6
estaban,6
daban,6
diferi,6
proteccion,6
suscripciones,6
contratada,6
dorados,6
qie,6
proporcionarme,6
membresia,6
paquetería,6
graduó,6
importante,6
udis,6
cobrará,6
agregue,6
faltan,6
imposible,6
viendo,6
vencidas,6
atraso,6
quitó,6
ofrecerme,6
validan,6
alas,6
ves,6
equivoque,6
riesgo,6
pasarme,6
manual,6
pudiera,6
personalizar,6
automaticamente,6
cobraran,6
haría,6
devolvió,6
meterle,6
reloj,6
revertir,6
haces,6
tmb,6
duplicados,6
apo,6
bic,6
sas,6
abra,6
reporta,6
erróneo,6
amex,6
hablé,6
boton,6
recibidos,6
denegado,6
telefónicas,6
bloqueé,6
tocken,6
registradas,6
realmente,5
hacienda,5
gaby,5
"$90,000",5
menu,5
"$600,000",5
deberia,5
saliendo,5
tardaron,5
acelerar,5
empleo,5
pasé,5
largo,5
considerando,5
contratarla,5
fíjate,5
contacless,5
transfer,5
negro,5
caché,5
oficina,5
establecer,5
face,5
“tarjeta,5
restablecer,5
hotel,5
calcular,5
600000,5
ofrecido,5
mantengo,5
mese,5
"70,000",5
llegué,5
obviamente,5
"$120,000",5
refería,5
contestar,5
comp,5
formato,5
demasiado,5
descontando,5
$300000,5
avisa,5
verá,5
dirigir,5
cache,5
extravie,5
ase,5
registrarse,5
volverá,5
corroborar,5
seguirán,5
independientes,5
apretar,5
bloquean,5
card,5
des,5
fraudulento,5
prestas,5
ventaja,5
educación,5
polanco,5
unefon,5
cuatro,5
posibilidades,5
dieran,5
usándola,5
marqué,5
7.5,5
riesgos,5
calle,5
otorga,5
pensando,5
mayo,5
reconoce,5
aver,5
traspasar,5
"$80,000",5
libres,5
cartagena,5
sip,5
youtube,5
supera,5
pudieron,5
otorgaron,5
"60,000",5
remanente,5
renovó,5
fotos,5
cree,5
definitiva,5
vuelva,5
facial,5
funciono,5
aprece,5
350000,5
devolverme,5
volvieron,5
9000,5
aplicaciones,5
confirmo,5
prestado,5
aprueben,5
40%,5
reportarla,5
bloqueadas,5
gravable,5
serian,5
autorizacion,5
creé,5
depositó,5
nacionales,5
moviento,5
simula,5
departamento,5
800000,5
cotízame,5
queiro,5
descontar,5
350,5
permiten,5
computadora,5
hacía,5
pyme,5
importar,5
recargo,5
toquen,5
reinicio,5
devolvieron,5
muéstrame,5
inválida,5
instalo,5
quiten,5
solicitada,5
inicia,5
líneas,5
códigos,5
conversión,5
laptop,5
$2000,5
puras,5
personalmente,5
holaaa,5
externa,5
extender,5
esperaré,5
enlazar,5
ando,5
mencionar,5
dará,5
prefiero,5
cta,5
resolución,5
códi,5
$20000,5
solucionen,5
abrirla,5
deberían,5
viva,5
manejas,5
"1,000,000",5
proveedor,5
evaluar,5
mercadolibre,5
baco,5
continua,5
tranferencias,5
procesó,5
hogar,5
ponerla,5
validaron,5
proximidad,5
inconveniente,5
practicajas,5
reflejará,5
balance,5
130000,5
tengas,5
preaprobado,5
nosé,5
curp,5
pagarlos,5
8000,5
canada,5
compartes,5
saque,5
conexión,5
saben,5
elijo,5
promos,5
miro,5
físicos,5
preguntan,5
$1500,5
calcúlalo,5
asocio,5
100mil,5
aplicó,5
establecido,5
corta,5
instrucción,5
llamen,5
programe,5
financiero,5
icono,5
recomendación,5
aumenten,5
activadas,5
ablar,5
$50,5
nececito,5
hazlo,5
diaria,5
san,5
plata,5
traerme,5
"18,000",5
explique,5
equivoco,5
realizadas,5
cupón,5
permitió,5
reestructuración,5
walmart,5
reportado,5
retire,5
programo,5
desaparecieron,5
ilimitados,5
trae,5
carros,5
desgaste,5
enlaza,5
universidad,5
congelado,5
"600,000",5
sospechosa,5
sacarla,5
podrán,5
relacionado,5
salido,5
medios,5
24hrs,5
dije,5
separar,5
apóyame,5
procedió,5
ponen,5
abonando,5
desbloquea,5
malo,5
desbloquean,5
isr,5
max,5
diferí,5
cualquiera,5
empleado,5
zara,5
aceptada,5
hard,5
inquiry,5
entrada,5
soluciono,5
dejarme,5
canadá,5
telmex,5
cua,5
guardo,5
retira,5
enviaran,5
03/26,5
swift/bic,5
contratos,5
funcione,5
aumentó,5
denunciar,5
hechas,5
resolverlo,5
referí,5
tránsito,5
cintilla,5
entregó,5
via,5
suscripcion,5
emi,5
sacando,5
less,5
ultimo,5
her,5
semi,5
canjear,5
uds,5
lleguen,5
viajes,5
diariamente,5
agosto,5
transferirle,5
supere,5
conocido,5
alcance,5
requieren,5
comenta,5
rivers,5
gobierno,5
portafolio,5
invalido,5
federales,5
divisas,5
erróneamente,5
proporcione,4
usted,4
marcas,4
dicha,4
protege,4
mandarme,4
últimamente,4
asignar,4
historia,4
pensionado,4
modos,4
regular,4
280000,4
terminaría,4
ocupe,4
molesto,4
puesto,4
gane,4
dedo,4
validen,4
envie,4
melo,4
casino,4
aparecio,4
aprobacion,4
"12,000",4
considera,4
xfavor,4
actualizan,4
ejemplos,4
holaa,4
desconocidos,4
american,4
biométricos,4
validarla,4
tuvo,4
puso,4
04/26,4
residencia,4
mty,4
visualizo,4
remplazar,4
mérida,4
android,4
tomando,4
biométrico,4
contacten,4
food,4
see,4
suspendida,4
telefonía,4
$7000,4
otorguen,4
automovil,4
residente,4
solito,4
segura,4
tlalpan,4
funcionamiento,4
pagaron,4
tutor,4
atm,4
anuncio,4
empieza,4
incorrectos,4
yeah,4
345000,4
pierde,4
retraso,4
claramente,4
tenían,4
ubico,4
resuelvo,4
heyshop,4
cion,4
35%,4
"$200,000.00",4
garantízada,4
beneficia,4
otorgar,4
borra,4
tomó,4
toyota,4
325,4
ideal,4
codigos,4
domiciliario,4
italia,4
efecto,4
liberan,4
referenciados,4
elegí,4
funcionará,4
actualizarla,4
verificarlo,4
disposicion,4
características,4
40mil,4
aclaro,4
comentas,4
tesla,4
iguales,4
creí,4
cuentame,4
"$450,000",4
actualizaciones,4
conecto,4
agencias,4
meet,4
caduca,4
mitad,4
jeta,4
pasaría,4
gastado,4
renta,4
facebook,4
eme,4
calificar,4
transporte,4
utilice,4
meces,4
garantías,4
aparese,4
diferidas,4
propias,4
tim,4
encontré,4
domingos,4
"190,000",4
retuvieron,4
cierta,4
cobraría,4
ligado,4
liquidando,4
trámites,4
anuales,4
asunto,4
trabajan,4
leon,4
operan,4
devo,4
rapido,4
sabré,4
obtuve,4
descuentan,4
puebla,4
credenciales,4
obtendría,4
mandas,4
retirado,4
entró,4
ingresarlo,4
18000,4
receptora,4
jamás,4
aclara,4
cancelaré,4
transfiera,4
actualizacion,4
reemplazar,4
ése,4
$2500,4
difiere,4
junto,4
tardó,4
poniendo,4
sentido,4
finanzas,4
preocupa,4
8118204918,4
temas,4
28000,4
debió,4
depositarse,4
funcionara,4
cierre,4
tardo,4
fué,4
devuelta,4
recibirla,4
víctima,4
siii,4
pensado,4
75000,4
generando,4
alrededor,4
$100000,4
venga,4
procesado,4
excede,4
entré,4
hoja,4
habilitado,4
humana,4
estafaron,4
tickets,4
"$10,000",4
repetirme,4
apartir,4
enviarla,4
duplicada,4
cabo,4
peor,4
bloquea,4
bancarios,4
recibía,4
entender,4
hable,4
"270,000",4
asta,4
corresponde,4
resuelto,4
móviles,4
reembolsaron,4
seguira,4
diferimientos,4
contrata,4
tranferir,4
meti,4
masaryk,4
prestarían,4
recomendado,4
míos,4
mandame,4
pequeña,4
inhábil,4
llamado,4
resico,4
900,4
desbloquee,4
contactado,4
platico,4
cobrarse,4
clonada,4
cotizarlo,4
2500,4
accesar,4
desconto,4
regresarán,4
415000,4
disminuir,4
cara,4
sacarlo,4
haci,4
aprueba,4
diste,4
resulta,4
llegaran,4
$3000,4
separado,4
sube,4
principio,4
derecho,4
$600,4
empiezo,4
empleados,4
credit,4
dela,4
hablame,4
activen,4
ejecuta,4
acer,4
madrugada,4
procesa,4
presupuesto,4
rebota,4
incluido,4
duplicaron,4
sentra,4
extras,4
postal,4
190,4
acreditarse,4
disponibilidad,4
salía,4
actualizarlo,4
"$2,000",4
chopo,4
tarje,4
diseñar,4
exclusiva,4
basico,4
temu,4
biometricos,4
poderlo,4
exceder,4
reconocidas,4
reconocen,4
clara,4
yego,4
genial,4
estimado,4
avisaron,4
abonan,4
reestructura,4
entidad,4
entendi,4
200mil,4
ingresarla,4
fantasma,4
limitada,4
llamé,4
ventana,4
presten,4
sabía,4
servir,4
olvido,4
recuperarla,4
conseguirlo,4
listado,4
vencieron,4
referi,4
múltiples,4
procedo,4
aceptarla,4
rebajo,4
y/o,4
vencerá,4
administrar,4
contactame,4
utilizado,4
aportaciones,4
the,4
colo,4
centrika,4
actualizados,4
checarlo,4
"$30,000",4
accion,4
validados,4
retorno,4
01/26,4
renovada,4
efectuado,4
retienen,4
20.0.0,4
depot,4
revisan,4
acompañante,4
aumentan,4
venza,4
remesas,4
banrejio,4
tpn,4
mandarles,4
tendrán,4
intentó,4
uve,4
utilizada,4
afectará,4
regalo,4
kids,4
ahorrar,4
permanentemente,4
vincula,4
suficientes,4
utilizan,4
accesor,4
niños,4
japon,4
pida,4
suzuki,4
países,4
abren,4
arriba,4
farmacias,4
estuve,4
smartphone,4
participando,4
extranjeros,4
puefo,4
cumpla,4
sucedió,4
siga,4
variable,4
pongan,4
restringida,4
presentar,4
230,4
grúa,4
vinculo,4
ponerlo,4
saldría,4
aumentarlo,4
habilitada,4
usuarios,4
deseado,4
36000,4
reporté,4
disputa,4
libere,4
revision,4
pidió,4
rastrea,4
pagarle,4
desaparece,4
rojo,4
reverso,4
ubica,4
broker,4
contactless,4
ofreces,4
niegan,4
actualizaron,4
buscando,4
jala,4
canselar,4
samsung,4
autoricé,4
rostro,4
actualicé,4
parametros,4
hise,4
qualitas,4
confirmó,4
cfe,4
"$1,500",4
onza,4
supercashback,3
gubernamentales,3
kiosko,3
cuado,3
avisan,3
bancoppel,3
muchísimas,3
parámetro,3
cambien,3
sujeto,3
renuevan,3
"$8,000",3
demorar,3
parecido,3
bebidas,3
giro,3
allí,3
ingresando,3
ouedo,3
amarillo,3
supe,3
completada,3
pedidos,3
resuelva,3
380000,3
aumentos,3
podrian,3
agilizar,3
seme,3
170,3
banjercito,3
desactivada,3
60%,3
aspecto,3
habi,3
base,3
mencionado,3
aber,3
24h,3
408,3
bolsa,3
picar,3
rebajado,3
mostrando,3
encontrado,3
reclamaciones,3
crediauto,3
encontrada,3
médicos,3
volverla,3
conveniencia,3
sobrepasa,3
comunicaron,3
sospecho,3
cte,3
mio,3
algúna,3
fiesta,3
"130,000",3
caducidad,3
aumentaron,3
descarga,3
nota,3
maxima,3
holi,3
fit,3
pasados,3
nadamas,3
ubicado,3
morelos,3
solita,3
abran,3
servirá,3
sincroniza,3
patio,3
verlas,3
conservar,3
verificaciones,3
usaba,3
cumpli,3
perderé,3
botones,3
voz,3
financian,3
abriendo,3
vehículos,3
paea,3
alcanza,3
tome,3
contestadora,3
activan,3
retenida,3
cargó,3
210000,3
difícil,3
"$20,000.00",3
graduo,3
perdona,3
anda,3
prestaran,3
confirmacion,3
especifica,3
inteligencia,3
artificial,3
gusto,3
hablaré,3
cotizarme,3
incluir,3
preguntarle,3
contratados,3
acaso,3
cajera,3
pa'l,3
busque,3
"800,000",3
recuerdas,3
laborando,3
"650,000",3
bmw,3
enviando,3
bajío,3
bajio,3
volvo,3
ex30,3
ésta,3
ajusta,3
escuela,3
solicitados,3
volvi,3
ajustar,3
gente,3
resultó,3
verán,3
prácticamente,3
emisora,3
arreglar,3
razon,3
pasarla,3
toman,3
descripción,3
útil,3
señala,3
indicarme,3
convertir,3
hospitalizacion,3
185000,3
asociadas,3
enganché,3
especifico,3
realizará,3
gratuito,3
devolverá,3
269,3
marcan,3
membresías,3
saludos,3
venir,3
consulte,3
usen,3
directa,3
predeterminada,3
130,3
fácil,3
facematch,3
proporciona,3
gradue,3
"280,000",3
cia,3
clip,3
automaticos,3
confundido,3
hortons,3
sirven,3
ford,3
onda,3
el.envio,3
comprarla,3
cx5,3
darías,3
streaming,3
che,3
venía,3
semanales,3
diera,3
migración,3
gasta,3
"11,000",3
reiniciar,3
basan,3
corrida,3
cerré,3
exelente,3
estaria,3
capitales,3
comprado,3
applepay,3
comentaron,3
450,3
bloqueen,3
puntual,3
cienta,3
nome,3
370,3
accesos,3
cuebta,3
nacionalidad,3
recuperarlo,3
previamente,3
ocurre,3
modificarlo,3
microsoft,3
140,3
rey,3
cita,3
detectado,3
atraves,3
liberarse,3
55000,3
asegurar,3
probablemente,3
habido,3
mantiene,3
urgencia,3
autoservicio,3
fiscales,3
comunicación,3
distintos,3
dichas,3
terminando,3
salud,3
miércoles,3
sugieres,3
tiempos,3
analizar,3
llevarme,3
santo,3
vuelos,3
qje,3
españa,3
450000,3
ajusté,3
"299,000",3
bloquearla,3
pagarse,3
"$15,000",3
dijeras,3
agregarlo,3
aclaren,3
esperare,3
descargue,3
spa,3
externo,3
notificará,3
subiendo,3
futuros,3
montón,3
210,3
disney,3
hbo,3
afectar,3
separaron,3
quieto,3
quier,3
aceptarlo,3
aja,3
"396,000",3
links,3
tardío,3
20.0,3
dichos,3
reportarlos,3
liquidacion,3
elegible,3
iré,3
aque,3
recomendable,3
alianza,3
aparecia,3
tesorería,3
revisado,3
aya,3
vial,3
permisos,3
funcionaria,3
7-eleven,3
marcada,3
"27,000",3
tracking,3
msj,3
20mil,3
registran,3
estuviera,3
$4000,3
aerolíneas,3
saqué,3
"$220,000",3
gracia,3
sinaloa,3
vienen,3
aclarado,3
exhibición,3
validaciones,3
usaré,3
reconocía,3
habilitó,3
realizarse,3
desliza,3
intentalo,3
"$380,000",3
dijital,3
empezando,3
propuesta,3
checando,3
aceptó,3
llamando,3
perfiles,3
waller,3
ero,3
incluida,3
auna,3
136,3
plásticos,3
pagaba,3
puedas,3
asesora,3
seran,3
facturas,3
fallecimiento,3
paqueteria,3
toque,3
conseguirla,3
artículo,3
regresó,3
proceda,3
emitió,3
pagadas,3
60meses,3
bastantes,3
requerir,3
rojas,3
visualiza,3
liquidaré,3
master,3
sentimos,3
pata,3
apesar,3
dígito,3
cerro,3
traté,3
funcionaba,3
viajo,3
querétaro,3
recepcion,3
cambiaran,3
anoche,3
padre,3
robar,3
identificacion,3
hipoteca,3
muestran,3
regresaran,3
reduce,3
bajó,3
diciéndome,3
suscribirme,3
borré,3
procesar,3
actuales,3
gustan,3
necesaria,3
nóminas,3
promociónes,3
expiro,3
watsapp,3
procese,3
afiliados,3
resuelve,3
escribo,3
extranjera,3
sorento,3
procesando,3
gpt,3
compartas,3
copiala,3
refinanciar,3
distintas,3
confianza,3
régimen,3
establecidos,3
"900,000",3
espacios,3
soriana,3
290,3
coreo,3
declinaron,3
estudios,3
1600,3
125,3
declaracion,3
verificaron,3
$300,3
concurso,3
precisamente,3
comunique,3
desea,3
tempranera,3
recibír,3
emisor,3
millonario,3
morales,3
retiró,3
hmm,3
"2,500,000",3
podia,3
revisen,3
conforme,3
tarjeta”,3
erronea,3
enviada,3
monitor,3
superado,3
papeles,3
piedo,3
comenzar,3
ubican,3
reinstalar,3
280,3
fijos,3
restricción,3
siguente,3
segundos,3
abrirlo,3
determina,3
dependiendo,3
aprieto,3
adonde,3
tardarán,3
meterla,3
mencionaron,3
drive,3
respuestas,3
cinepolis,3
cinemex,3
caro,3
siguientes,3
cerró,3
lindo,3
aumentarla,3
basica,3
funcion,3
modifiqué,3
borró,3
cashbak,3
80%,3
causas,3
dejando,3
mire,3
particulares,3
escenario,3
cargue,3
brv,3
8mil,3
aue,3
pequeño,3
nuestra,3
tarjet,3
resivir,3
cago,3
ganaría,3
bloqueos,3
costco,3
aprobó,3
canceladas,3
giveaways,3
rebotan,3
"$40,000",3
subscripciones,3
publicidad,3
estando,3
similar,3
home,3
declino,3
$500,3
mencionados,3
independizó,3
aseguranza,3
invitacion,3
acreditado,3
presenta,3
antiguedad,3
cayó,3
solocitar,3
tardado,3
24/7,3
domiciliadas,3
dooters,3
poe,3
quiso,3
suburbia,3
atiendan,3
058,3
700000,3
stand,3
buscaré,3
consideran,3
previo,3
admiración,3
guardado,3
notificar,3
zona,3
dinamico,3
antiguo,3
locales,3
vera,3
rompió,3
equivocación,3
rastreó,3
tendra,3
acá,3
aerobus,3
conoce,3
anular,3
presencial,3
garanti,3
intentan,3
desactivaron,3
obligatoria,3
indicó,3
posteriormente,3
proyecto,3
emitir,3
$50000,3
indicaciones,3
conversion,3
devuelvo,3
hdi,3
acepté,3
320000,3
taquilla,3
mínimos,3
fisicamente,3
rechazadas,3
sipare,3
invertí,3
reenvíen,3
leer,3
confirmado,3
negra,3
guarde,3
camara,3
ajustes,3
roku,3
spam,3
accidentalmente,3
brazalete,3
ubicacion,3
contact,3
millón,3
rollos,3
tenerlo,3
haviiii,3
giros,3
ligar,3
marcarles,3
copiar,3
ultimos,3
enviarse,3
ion,3
tlalnepantla,3
seleccionarla,3
desgastada,3
ilimitada,3
acabas,3
ten,3
paquetes,3
económico,3
anticipada,3
certificado,3
zelle,3
quw,3
administración,3
utilizarlo,3
$99,3
puntuales,3
adidas,3
hiciera,3
contratando,3
$200,3
cuentaa,3
telefonos,3
deber,3
incrementado,3
viejo,3
599990,3
actualizarse,3
pedía,3
28%,3
adquirí,3
terreno,3
edito,3
semanal,3
vuelves,3
bonificaciones,3
inservible,3
6500,3
"29,000",3
adónde,3
default,3
descargarlos,3
equivocacion,3
cancelados,3
martes,3
domiciliacion,3
resibir,3
trabajadores,3
окей,3
papelería,3
dinámico,3
saver,3
union,3
movistar,3
confírmame,3
colaboracion,3
cuernavaca,3
independencia,3
atddhey194589,3
170000,3
compa,3
dnd,3
registré,3
momentos,3
envian,3
terminación,3
rembolsado,3
agrega,3
reembolsan,3
ascender,3
domicilió,3
apellido,3
aproximación,3
prender,3
proximo,3
lineal,3
contac,3
retiraron,3
cody,3
unico,3
tef,3
disposiciones,3
programó,3
toke,3
juego,3
localiza,3
tokens,3
máster,3
dolar,3
destinatarios,3
petición,3
déjame,2
bloqueando,2
tanta,2
mudarme,2
gobiernos,2
municipios,2
permita,2
billetes,2
chiste,2
comunicando,2
suscribo,2
cusnto,2
bill,2
sol,2
niega,2
alemania,2
únicamente,2
"$412,000",2
16300,2
contactes,2
especializado,2
clásica,2
compruebo,2
visible,2
changan,2
$80000,2
brindan,2
$3500,2
contacta,2
presto,2
procesos,2
canales,2
últimas,2
tenías,2
recojer,2
demoras,2
regresará,2
ocasion,2
nevesito,2
ofrecían,2
existiendo,2
introducir,2
despliega,2
saldré,2
gdl,2
30050,2
lograr,2
acudo,2
valorar,2
digi,2
graciass,2
recargos,2
"$130,000",2
ejecutivos,2
459000,2
aparato,2
eliminé,2
extrajero,2
ingresó,2
renovará,2
480,2
supermercados,2
clabes,2
interbancarias,2
inició,2
yucatán,2
"$45,000",2
solivitar,2
desventajas,2
penalizaciones,2
exclusivas,2
propios,2
sobrina,2
restablece,2
regresas,2
ofrecerte,2
expiración,2
apagarla,2
obliga,2
declarar,2
has,2
500k,2
cortada,2
cuedo,2
exhibicion,2
$600000,2
"310,000",2
"$18,000",2
documentacion,2
hcbc,2
cueste,2
encargar,2
mobil,2
price,2
cerraron,2
efectivamente,2
jalado,2
llege,2
validez,2
fallidos,2
normalidad,2
banrefio,2
315,2
separa,2
funciones,2
efevtivo,2
dualidad,2
4000000,2
requerido,2
cvv2,2
salga,2
anticipos,2
obligado,2
conección,2
terminado,2
enviara,2
pregunten,2
ride,2
one,2
ahorraré,2
quitado,2
pcl,2
valer,2
abrirles,2
hijas,2
cinco,2
cto,2
tía,2
168800,2
cfmoto,2
asignada,2
mora,2
difería,2
validando,2
presenté,2
afiliado,2
"20,000.00",2
automotrices,2
gradué,2
deposité,2
650,2
cres,2
vor,2
aperece,2
160,2
rebajó,2
"258,000",2
preso,2
corresponsales,2
quieroquiero,2
sala,2
hilux,2
320,2
superior,2
dale,2
outlander,2
devolverán,2
débitos,2
ocupaba,2
daran,2
"$350,000",2
triste,2
devolverse,2
mandarle,2
megacable,2
acuda,2
envíame,2
8143922621,2
cajas,2
cuotas,2
resivo,2
agarro,2
220,2
solucionarlo,2
"670,000",2
650000,2
anticipo,2
"$250,000",2
24meses,2
encender,2
pra,2
core,2
juzgados,2
límete,2
creyendo,2
"$60,000.00",2
excediendo,2
responder,2
pides,2
clase,2
64.80,2
5500,2
contaclees,2
mintarjeta,2
acerco,2
videos,2
hospitalización,2
airbnb,2
estaran,2
podamos,2
reinicié,2
140000,2
"$7,000",2
explicamelo,2
cumplen,2
depositaria,2
aumentaría,2
plis,2
holafly,2
avisarle,2
consumos,2
argentina,2
transfieron,2
vinculación,2
motors,2
palabras,2
experiencia,2
vip,2
greet,2
260000,2
spark,2
excedido,2
obtendrá,2
1mes,2
335000,2
"3,000",2
corrección,2
instalando,2
recordé,2
desinstalo,2
instala,2
costaría,2
barregio,2
entendiste,2
primeras,2
tran,2
excedía,2
sacado,2
otorgan,2
hol,2
utilización,2
"330,000",2
5mil,2
envíos,2
quisera,2
pidio,2
tras,2
sucediendo,2
pedirá,2
afirme,2
reactivarla,2
iniciando,2
renovado,2
participan,2
considerado,2
supongo,2
asignó,2
santa,2
300mil,2
lobo,2
hev,2
volverme,2
liberarlo,2
notifican,2
hacían,2
proporcionó,2
benéfico,2
dejaba,2
perro,2
mencionaste,2
uif,2
iniciado,2
módulo,2
notifica,2
habias,2
tire,2
cercano,2
jefe,2
transfirio,2
culpa,2
rebaja,2
klar,2
trabajarlo,2
ora,2
45%,2
lamentablemente,2
compres,2
factible,2
interfaz,2
depositarán,2
totalplay,2
activando,2
excentar,2
mexicana,2
recuerda,2
ademas,2
inicié,2
mercadopago,2
16000,2
trabajando,2
aurrerá,2
condición,2
403,2
atrasé,2
4mil,2
reteniendo,2
local,2
show,2
mero,2
whatsap,2
tomara,2
aliado,2
injusto,2
contrario,2
comentaba,2
icloud,2
indiques,2
prestarme,2
hablando,2
escrita,2
rebotaron,2
depositarle,2
permanentes,2
bloqueda,2
depositrar,2
seguido,2
nal,2
ocupado,2
presionar,2
biometrico,2
vien,2
hasme,2
borran,2
quite,2
regresaban,2
explico,2
núm,2
rechacé,2
raro,2
mensajito,2
sospechosos,2
"220,000",2
calcula,2
"5,000",2
comunica,2
checkup,2
enterado,2
dirige,2
sal,2
realizara,2
acudiendo,2
utilizaba,2
técnica,2
éste,2
antencion,2
tengan,2
empezó,2
arreglo,2
"$400,000.00",2
depositaran,2
papeleria,2
aerobús,2
hermana,2
mercedes,2
benz,2
pura,2
"385,000",2
indican,2
394000,2
"110,000",2
cumplí,2
pagara,2
65000,2
necesnecesito,2
cuen,2
apoyame,2
figura,2
tendrían,2
35000,2
retrasos,2
usualmente,2
get,2
presiono,2
reto,2
búsqueda,2
pronóstico,2
48000,2
5años,2
pensar,2
uni,2
respondan,2
xuenta,2
logró,2
camerino,2
encargada,2
aproximada,2
comerciante,2
ishop,2
2014,2
reservar,2
gasté,2
regresara,2
funcionalidades,2
viejas,2
recibidas,2
diferiría,2
oriéntame,2
70000,2
fuero,2
aplicados,2
debemos,2
seleccionando,2
duplicar,2
fracción,2
llévame,2
oxo,2
хави,2
federación,2
indebido,2
congela,2
elismo,2
elegibilidad,2
yegue,2
daños,2
sirves,2
"50,000.00",2
indonesia,2
linda,2
134800,2
"125,000",2
aplicable,2
ponme,2
prenderla,2
procesadas,2
"$529,000",2
económica,2
acreedor,2
recupera,2
cito,2
proviene,2
dios,2
hagamos,2
sierra,2
pequeñas,2
corto,2
tango,2
bastante,2
laboral,2
interesan,2
36meses,2
encima,2
reponen,2
aumentarán,2
trasnferencias,2
compás,2
rappicard,2
aerolínea,2
ama,2
métodos,2
cuadra,2
coloco,2
380,2
“ahorro,2
2.60,2
"3.100,000",2
4.2026,2
culiacán,2
pudieran,2
escribí,2
investigue,2
pagare,2
quálitas,2
“agregar,2
eliminó,2
palacio,2
hierro,2
adelanté,2
crea,2
180,2
resumen,2
generada,2
porfabor,2
$200000,2
"$329,000",2
explicación,2
acredito,2
preguntaba,2
noo,2
aplicaría,2
conteste,2
parcial,2
at&t,2
efectuar,2
compartirla,2
catalogo,2
aba,2
clonación,2
19000,2
lector,2
edo,2
kavak,2
cobrados,2
imagino,2
quizá,2
vendrá,2
"140,000",2
exitoso,2
pegue,2
fijas,2
bro,2
42000,2
4350,2
dijieron,2
explícamelo,2
4900,2
asumiendo,2
seguiran,2
escucha,2
apple.com/bill,2
máquina,2
confirme,2
mario,2
comprarlo,2
caducada,2
indicándome,2
notificaron,2
mencioné,2
quieran,2
kueski,2
informan,2
asegurada,2
civic,2
13000,2
quedaria,2
platino,2
caiga,2
aplicarse,2
push,2
posición,2
tramité,2
agendar,2
positivos,2
ultimas,2
euros,2
jamas,2
continúa,2
reconzco,2
conectar,2
corregí,2
quierom,2
lesdigo,2
super,2
ciente,2
quitarse,2
onde,2
falabella,2
obtiene,2
independizaron,2
quieor,2
protecciones,2
motivos,2
mandarlo,2
"$1,000",2
grabada,2
70k,2
msg,2
suerte,2
1.0,2
símbolo,2
habie,2
tar,2
penelizacion,2
parque,2
puro,2
habías,2
vende,2
cashbacks,2
trataron,2
agustín,2
contestado,2
repone,2
indícame,2
tradicionales,2
responsabilidad,2
solicitarles,2
banrrgio,2
parametro,2
blokeada,2
presente,2
evolución,2
tablet,2
habil,2
encontre,2
motor,2
vendieron,2
orientas,2
vuenta,2
control,2
abonó,2
luis,2
quee,2
incluirá,2
contactan,2
391000,2
inscribir,2
llegaba,2
unicamente,2
kasheback,2
jalar,2
facturación,2
recordaba,2
tolken,2
"45,000",2
regresarlo,2
liquidez,2
“mis,2
ofertas”,2
completó,2
“nuevohey15”,2
reinicia,2
sitios,2
queden,2
complementaria,2
rastreando,2
retornó,2
debut,2
colección,2
mencionada,2
emitan,2
quedarme,2
pedirán,2
reclamé,2
verificados,2
419990,2
dejarla,2
tienpo,2
tranfieran,2
devuelva,2
"90,000",2
honorarios,2
dinámica,2
numeracion,2
comore,2
ponerse,2
baca,2
encontrarla,2
cuestan,2
cancelará,2
venden,2
reposion,2
ayudaste,2
ajá,2
espérate,2
mejore,2
idea,2
fuerza,2
gym,2
gimnasios,2
$60000,2
ejecutiva,2
7000,2
2010,2
comora,2
naranja,2
contar,2
recurrentes/fraude,2
podran,2
ayudado,2
lago,2
$80,2
1.9%,2
miscelánea,2
vendo,2
bajaría,2
contrató,2
vencen,2
comparar,2
actulizacion,2
"11,400",2
moneda,2
ceedito,2
pierden,2
especificos,2
"265,000",2
etf,2
sensor,2
nono,2
fisca,2
deshabilitada,2
rebajan,2
consumo,2
hyundai,2
simulador,2
geely,2
calientes,2
atrás,2
hackeada,2
daba,2
oyep,2
pensaba,2
"560,000",2
contestaron,2
italika,2
dificultad,2
recurso,2
digerir,2
“transferencia,2
legal,2
extendido,2
"2,000",2
automáticas,2
"$360,000",2
cambiada,2
cortesías,2
quie,2
proporciono,2
adulto,2
comunicarse,2
repartidor,2
abierto,2
encontrarlo,2
lanza,2
jalisco,2
unidad,2
sumando,2
evalúan,2
contexto,2
financieros,2
midtown,2
autorizarme,2
recibiria,2
recibieron,2
válidada,2
comprueba,2
vive,2
interior,2
envia,2
37000,2
haser,2
wifi,2
parcialidades,2
libero,2
continúo,2
llamas,2
condusef,2
temprano,2
crei,2
temporales,2
vería,2
eeuu,2
ayudará,2
solucion,2
caegos,2
"290,000",2
arreglando,2
45000,2
fashion,2
habría,2
2x1,2
conversar,2
consultas,2
corresponden,2
pare,2
menús,2
manches,2
liquidada,2
confirmas,2
ligadas,2
veamos,2
ropa,2
mesa,2
seleccionarlo,2
modifican,2
cuena,2
ayudarían,2
pudimos,2
rastrearla,2
validarse,2
esten,2
"75,000",2
actividades,2
posibles,2
aliados,2
disputar,2
12/25,2
declinado,2
créditicio,2
prius,2
házmelo,2
adiós,2
absorber,2
acústico,2
inteligentes,2
reposision,2
duplicó,2
expire,2
paguen,2
vales,2
uan,2
teléfonico,2
gasolina,2
superiores,2
apago,2
demore,2
forzosa,2
estilo,2
independiso,2
gto,2
reportes,2
transcurso,2
tramites,2
"780,000",2
hazla,2
letrero,2
"245,000",2
oro,2
caduque,2
compran,2
tarketa,2
necesite,2
aumentando,2
comicion,2
centros,2
qur,2
retomarlo,2
diversificar,2
plataformas,2
"$70,000",2
orientame,2
chevrolet,2
"$370,000",2
migran,2
390000,2
envien,2
diez,2
reclamacion,2
primeros,2
rembolsos,2
define,2
agarrar,2
renove,2
usados,2
requiera,2
900000,2
1800,2
"2,400",2
borrarla,2
gozar,2
queremos,2
listados,2
pestaña,2
desbloquearlo,2
clable,2
verificando,2
hwy,2
mantendré,2
indicaste,2
volkswagen,2
registró,2
agrandar,2
terminó,2
tardara,2
trabaja,2
constantes,2
posterior,2
cuenta”,2
have,2
cupon,2
invite,2
alcanze,2
199,2
membresias,2
trasnferir,2
1500000,2
centavos,2
tercera,2
garantisada,2
permiso,2
teoría,2
eliminada,2
autozone,2
acercarme,2
acreditará,2
aplicacio,2
llamaron,2
"380,000",2
ocupó,2
arjeta,2
estrategia,2
30mil,2
aveo,2
renové,2
$99.71,2
mamá,2
dañado,2
clmo,2
usan,2
catálogo,2
notificado,2
aceptación,2
calculo,2
eua,2
plano,2
vayan,2
perfectamente,2
poderme,2
54300,2
apruebe,2
resta,2
p.m,2
obligada,2
medeja,2
enserio,2
envías,2
sep,2
aplicadas,2
recibire,2
transladar,2
avión,2
contiene,2
$40000,2
rango,2
rjeta,2
acepten,2
comento,2
anualidas,2
otp,2
"7,000",2
quedaba,2
greets,2
laboratorios,2
etcétera,2
triple,2
afectadas,2
procesara,2
queretaro,2
respondido,2
nom,2
rededor,2
necesitó,2
von,2
vine,2
usd,2
fueran,2
válidado,2
llene,2
más…,2
especificar,2
requistos,2
pases,2
shoppe,2
"320,000",2
perú,2
18500,2
diferimento,2
habilitará,2
200.000,2
cusndo,2
modifique,2
suben,2
repocision,2
1200,2
reteñido,2
comente,2
checare,2
excedente,2
volumen,2
elimina,2
programé,2
fines,2
porfis,2
ordene,2
reenviar,2
versa,2
230000,2
reservación,2
aparecerme,2
canalizar,2
indicaron,2
hablara,2
dispone,2
panel,2
cuestiones,2
energías,2
renovables,2
minuto,2
declinan,2
13k,2
deseaba,2
havy,2
detecta,2
agradecería,2
190000,2
reversa,2
limitan,2
auxiliar,2
empiece,2
construir,2
picó,2
dirá,2
llegarán,2
sincronice,2
papel,2
fans,2
aparecido,2
6meses,2
dele,2
bonifican,2
sirva,2
$120,2
reales,2
conto,2
referencias,2
exactas,2
800.000,2
hechos,2
restablecerlo,2
sisi,2
descargué,2
calcúlame,2
cotízalo,2
cargan,2
gerente,2
pulseras,2
utilizó,2
excedidos,2
reciben,2
3000pesos,2
estafar,2
1.50,2
optó,2
pegar,2
"60,000.00",2
tsrjeta,2
permitidos,2
confundí,2
cimaco,2
premio,2
movientos,2
quincenales,2
lamento,2
agregarle,2
cumplía,2
carnet,2
colores,2
opera,2
buscarla,2
motoneta,2
abrio,2
480000,2
efe,2
city,2
abrió,2
gran,2
naturgy,2
"13,000",2
cosigo,2
$550000,2
deferir,2
exclusivos,2
muchisimas,2
conocidos,2
preguntando,2
mustang,2
comentar,2
encuentre,2
impulsarlo,2
arrancarlo,2
escalando,2
erp,2
renovaciones,2
porfi,2
graciad,2
heypro,2
ecuthe,2
“productos,2
depositarlo,2
restante,2
sobra,2
estafas,2
normales,2
verifican,2
reembolsó,2
supuesta,2
direcciones,2
oriente,2
eficiente,2
sacó,2
brasil,2
banjico,2
ios,2
desglosar,2
porcentajes,2
funcionado,2
entrara,2
adentro,2
pidieron,2
macstore,2
adecuado,2
apartar,2
verlos,2
probabilidades,2
40k,2
guanajuato,2
manejando,2
abonarse,2
semanalmente,2
concluí,2
euro,2
ele,2
tambie,2
"$50,000.00",2
cadena,2
treinta,2
860000,2
enseguida,2
cerraré,2
sirviendo,2
“el,2
prosigue,2
wallets,2
crece,2
gat,2
evidencia,2
folios,2
técnicos,2
faltó,2
cuestion,2
shein,2
positivo,2
carho,2
afortunadamente,2
manejen,2
"$549,000",2
qual,2
aparace,2
boucher,2
"$300,000.00",2
"$30,000.00",2
chequé,2
copiarlo,2
pegarlo,2
preautorizado,2
lote,2
atento,2
switch,2
meo,2
exactos,2
rédito,2
ques,2
comprando,2
sam's,2
identificados,2
mioxxo,2
denegada,2
departamental,2
frecuentemente,2
hacerca,2
escaneando,2
apretó,2
tárjeta,2
banregion,2
relacionada,2
mejoras,2
pars,2
lineas,2
3000000,2
ponderada,2
david,2
optengo,2
uns,2
arn,2
enviará,2
ayudarías,2
aplicaron,2
tendrás,2
pedro,2
homme,2
targetas,2
razones,2
pregunté,2
usarlos,2
pls,2
mibtarjeta,2
patrón,2
frente,2
banjio,2
leen,2
sim,2
apague,2
bloquie,2
caego,2
bonito,2
oago,2
procedido,2
encanche,2
conecta,2
exenta,2
repente,2
cuneta,2
terminos,2
disney+,2
transfirió,2
finalmente,2
celulares,2
compensación,2
tatjeta,2
dinámicas,2
seguiría,2
pedo,2
concretar,2
compañia,2
constantemente,2
cunado,2
americano,2
duración,2
segui,2
copié,2
pertenecen,2
debieron,2
asegurarme,2
paseo,2
acoxpa,2
taller,2
tención,2
registrarte,2
multiva,2
rifa,2
129,2
cambiando,2
liberó,2
reportan,2
lbel,2
prendida,2
temporalmente,2
quejas,2
hablas,2
tkt,2
categorías,2
hicimos,2
comienza,2
darse,2
quitando,2
miembro,2
enviarte,2
resulte,2
fallida,2
encontrarlos,2
709,2
dejado,2
tecnicos,2
reenvio,2
automatica,2
puntitos,2
comparte,2
mínimas,2
desoues,2
doblada,2
ordinaria,2
facturacion,2
"48,000",2
crefito,2
dirigeme,2
educacion,2
agarra,2
tarejta,2
are,2
western,2
renueve,2
tradiconal,2
inn,2
transfiriendo,2
acuse,2
formal,2
seguirla,2
25mil,2
deb,2
"$832,510",2
reestructurar,2
socio,2
solicitudes,2
proceden,2
cuentq,2
haberse,2
rebotado,2
vas,2
garantiza,2
cercanos,2
esposo,2
"50,000,000",2
ido,2
alcanzar,2
mejoro,2
levantamiento,2
tiket,2
wallmart,2
criptomonedas,2
extensiones,2
tardas,2
invirtiera,2
determinada,2
adquisición,2
elija,2
information,2
gestión,2
recivir,2
transferír,2
pense,2
mensajear,2
can,2
checado,2
sabia,2
desacuerdo,2
revisada,2
regresaría,2
muestras,2
acabe,2
saldó,2
dibero,2
how,2
finales,2
walet,2
cuents,2
falsa,2
nta,2
vaciar,2
1:43,2
contarme,2
transferida,2
vincularla,2
tuvieron,2
menbresia,2
despositos,2
transaccionales,2
seguras,2
agregadas,2
atddhey197277,2
aportar,2
puesta,2
swif,2
$14,2
slado,2
yega,2
septiembre,2
anticipar,2
nonse,2
batalla,2
"$63,000",2
cueta,2
noticias,2
page,2
cabe,2
$553,2
*en,2
aboné,2
reclamos,2
cards,2
att,2
compartirlo,2
depocito,2
quedado,2
exportar,2
ilimitadas,2
transmisiones,2
registrando,2
infantil,2
bic/swift,2
pau,2
"$1,658.50",2
s.a,2
frecuentes,2
pueso,2
instagram,2
vertido,2
gas,2
cuota,2
favorito,2
registros,2
dondé,2
logré,2
muevo,2
pagados,2
mirar,2
eneba,2
bonificacion,2
configura,2
efectuó,2
poderla,2
ade,2
troy,2
msih1301,2
301,2
betzar,2
notifico,2
cargando,2
generen,2
pa’l,2
raíz,2
verificó,2
lenta,2
comprá,2
cominicarme,2
siniestro,2
llamarle,2
emitido,2
pir,2
precios,2
dañada,2
seción,2
starlink,2
number,2
oscuro,2
liberarla?”,2
excesivo,2
oyes,2
888,2
100$,2
ganancias,2
divisa,2
invito,2
transfieres,2
reembolsable,2
aprobarse,2
como.cancelar,2
dineo,2
favorita,2
congelada,2
rembolsaron,2
steam,2
adelantó,2
guardados,2
cancelarlas,2
avance,2
smartwatch,2
retuvo,2
xon,2
reembolsarme,2
tragó,2
opere,2
enteré,1
téc,1
eficaz,1
perdiendo,1
tramitado,1
acudír,1
ubicar,1
18/02/2026,1
2:52hrs,1
barrejo,1
"499,900",1
200409,1
pre-autorizacion,1
wetransfer,1
renueven,1
"$22,000",1
solciito,1
muestro,1
fabor,1
escuchar,1
550,1
cancelen,1
vinculacion,1
contestas,1
"$1,057,000.00",1
bate,1
heyy,1
hello,1
libras,1
mayúscula,1
minúscula,1
colocarlo,1
asegura,1
whatapp,1
teermine,1
alcoholicas,1
$400,1
sedan,1
isport,1
48.54%,1
esperaba,1
cargador,1
concretarlo,1
nsfiero,1
ahorrastado,1
aplicacien,1
fallado,1
utilizándolo,1
wow,1
miembros,1
aidé,1
exterior,1
arreglarlo,1
legible,1
truck,1
1650,1
brindado,1
6%de,1
noticia,1
respóndeme,1
ganranriza,1
avanzamos,1
reagenerar,1
sesiones,1
aprobad,1
cccm,1
apagadas,1
750000,1
anexar,1
imágenes,1
“actualizamos,1
nuestros,1
normativa”,1
hiere,1
alarmarme,1
manto,1
chedraui,1
computador,1
aca,1
dibujarla,1
okok,1
supermercado,1
tontería,1
169mil,1
48meses,1
recomiendo,1
“refiere,1
amigos”,1
olvidaba,1
viudez,1
expedir,1
410000,1
muestransacciones,1
$589,1
gotrendier,1
debidamente,1
"$580,000",1
heypago,1
mésese,1
hala,1
proveso,1
necesitaba,1
reintegro,1
incondicional,1
gastaría,1
convendría,1
izada,1
pun,1
sufiria,1
meden,1
penúltimo,1
parrafo,1
checarlos,1
"$1,200",1
poniendola,1
insertará,1
10029,1
laa,1
1150,1
nocheoche,1
inconvenientes,1
suceder,1
tormentas,1
solares,1
ejercicio,1
apara,1
veintisveintiseis,1
pesosil,1
ses,1
cucredito,1
300300**,1
cincuentaar,1
esr,1
elgo,1
desistalarla,1
dovelas,1
valores,1
ensaya,1
bugeado,1
squ,1
descontada,1
benifecios,1
haceroe,1
cortó,1
concluyó,1
accestech,1
nmero,1
"440,000",1
"274,000",1
habilito,1
8142922626,1
falló,1
geométricos,1
tecla,1
galerías,1
139,1
automatizacamente,1
transigieron,1
cines,1
match,1
depositada,1
patrones,1
reynosa,1
tamaulipas,1
listos,1
débito…,1
tomaron,1
comenzarán,1
es…,1
disminuyó,1
interees,1
corrompraron,1
epraron,1
sen,1
tecatepalnorte,1
compraron,1
cientosetenta,1
"1,500,00",1
crédito”,1
revolver,1
aplazo,1
miperar,1
baucher,1
“apartados”,1
administro,1
palabra,1
traen,1
paseó,1
montejo,1
cerrado,1
americana,1
digerimiento,1
desaparecerá,1
sinporfavor,1
scotibank,1
tvp,1
pros,1
contras,1
aspectos,1
importantes,1
proyectos,1
produce,1
futuras,1
calificó,1
graduas,1
eleve,1
emanejo,1
poyar,1
35mil,1
157mil,1
nut,1
ulitizare,1
del.17,1
app.solo,1
eseshey,1
desbloquar,1
decreciente,1
préstame,1
regulado,1
fuertes,1
opciónes,1
poseedor,1
"$1000,000.00",1
$3.000.00,1
enanche,1
35%de,1
botando,1
cobrarlo,1
significan,1
recibirlas,1
banco+,1
4409,1
esonecesito,1
yeban,1
encantado,1
ayudarás,1
auxiliarme,1
nombr,1
aprobacionentoncesquisiera,1
agilizarles,1
solici6una,1
revisiones,1
dejare,1
garabtia,1
reglada,1
$2329,1
quinientos,1
yse,1
afectara,1
booqueo,1
leven,1
leve,1
la.opcion,1
nonla,1
garantizadoa,1
travel,1
afán,1
jiutepec,1
pdre,1
difirio,1
cuelga,1
pick,1
$900000,1
$350000,1
promocionarme,1
caviar,1
hola!....una,1
administracion,1
idependice,1
contrato.pueden,1
viviendo,1
rentando,1
escribeme,1
3.2024,1
aprobadas,1
atenderán,1
carrro,1
diferímiento,1
multired,1
reportara,1
corresponsalia,1
rápidas,1
migre,1
emigrar,1
comporobante,1
7000000,1
depsues,1
cintestan,1
"$395,000",1
complicado,1
asesoren,1
practicaja,1
bárbaros,1
comida,1
considerable,1
anulado,1
australia,1
financien,1
indicado,1
reduciría,1
27%,1
actualizadas,1
indico,1
$9.20,1
aguardar,1
tantos,1
varían,1
lost,1
need,1
new,1
“solicitar,1
física”,1
emita,1
congelados,1
comlaapp,1
domiciliaciones,1
aceptas,1
"15,000.00",1
primas,1
devengadas,1
niña,1
impide,1
quiciera,1
23.4%,1
tratamiento,1
mental,1
manchado,1
apeneas,1
discapacidad,1
murió,1
abuela,1
ayudaba,1
empleos,1
medicamento,1
contento,1
colocan,1
$362000,1
$150000,1
0.01,1
suceso,1
acrualizados,1
pagandola,1
"alguien,cuál",1
agencion,1
prestes,1
27.06%,1
causa,1
acwpta,1
inforcion,1
automovilístico,1
plasevo,1
recogerrecogerla,1
foránea,1
oko,1
322338,1
recargado,1
liberaba,1
banbajío,1
bequiero,1
frustrante,1
graduare,1
tofese,1
nosotros,1
tradicional..tengo,1
ofrecio,1
valorando,1
objetivoetivo,1
untosiahastaluegosi,1
ayasporque,1
benéficos,1
traferecias,1
trafer2cia,1
llwga,1
cjwnta,1
traferecia,1
vijente,1
soprte,1
comuniqueme,1
inclusive,1
neces,1
detallada,1
repositde,1
prestafmo,1
imteresa,1
$241.00,1
sumar,1
transfiereme,1
tip,1
tarjo,1
trabajarse,1
creditocreditos,1
plael,1
pdiez,1
100309,1
aah,1
cientociento,1
tas,1
inmodelo,1
canla,1
moviy,1
defier,1
definicion,1
corrientente,1
cuentacuenta,1
dede,1
nahubiera,1
consumentoede,1
romas,1
pagarlorlo,1
bancootro,1
"de$150,000",1
enseñarle,1
sobrino,1
profeco,1
solisite,1
375000,1
omiso,1
cb190r,1
2.0,1
"63,990",1
12.49%,1
"426,000",1
estolo,1
universo,1
personalizacion,1
estandard,1
216,1
enclace,1
pudes,1
atorado,1
tarretiro,1
esperadinerodemencajero,1
detodemi,1
realizoe,1
notificó,1
finalicé,1
cuestacuando,1
comunicare,1
realizare,1
0ara,1
restaurantes,1
ahorri,1
ahorrado,1
renovavion,1
me.llega,1
comjavi,1
repetidas,1
talante,1
diarieporcajero,1
sagracias,1
traferencias,1
proseso,1
54000,1
"46,310",1
dijcuentadelasmasy,1
graduarsea,1
el.enlace,1
2001,1
s.a.t,1
contactor,1
tarjeta.de,1
"entiendo,muchas",1
"todo,gracias",1
"3,500,000",1
separase,1
piaber,1
inmediatomediato,1
puedolo,1
cobraba,1
mudos,1
reclamarle,1
mencionan,1
969800.00,1
simulame,1
market,1
place,1
asesoro,1
entoendo,1
catalogarse,1
paleo,1
contactas,1
"460,000",1
197000,1
65600,1
656000,1
enganche:200000,1
$299,1
$405.45,1
cal,1
aaaaaahaquisiera,1
squisiera,1
criptomonedasdas,1
especialmente,1
eteriu,1
garantía”,1
credta,1
adquiera,1
lue,1
requisitos…,1
stripe,1
definido,1
56000,1
calbe,1
suelo,1
verpara,1
pruebas,1
operará,1
aaaa,1
financiaron,1
quieron,1
"virtual,por",1
expliqué,1
seguían,1
"suscripción,por",1
“nueva”,1
anularlo,1
moviun,1
tranferirme,1
performance,1
"1,129,000",1
cx3,1
"392,900",1
orientar,1
checame,1
bas,1
babanco,1
7692.93,1
6800,1
usos,1
vending,1
machines,1
ines,1
intentelo,1
lonquiero,1
tenx,1
atddhey195302,1
algúno,1
privados,1
públicos,1
nintendo,1
veintiseis,1
meses¿cuanto,1
"$254,000",1
"hacer,para",1
social,1
esperado,1
ponerlos,1
feriado,1
inmensual,1
estáfa,1
3600.73,1
"43,208.76",1
67%,1
quenhacer,1
12%,1
simulacro,1
"$240,000",1
reglas,1
siguiendo,1
hubieran,1
piedes,1
cacho,1
debiese,1
me.llego,1
atenciones,1
$200.000,1
ligados,1
bancho,1
darian,1
*auto,1
"*$389,000.00",1
*48,1
*2025,1
4471,1
aclaré,1
informando,1
"606,999",1
33%,1
jalaron,1
el.proceso,1
hospitalizar,1
hospital,1
materiales,1
caren,1
contador,1
mandará,1
visualización,1
monten,1
188mil,1
60mil,1
ejjavi,1
erectomuchas,1
11000,1
"establecimiento,pero",1
improcedencia,1
superaba,1
tranaferencias,1
560mil,1
$220000,1
rarjrta,1
wuiero,1
nomle,1
existir,1
obligatoriamente,1
anterioridad,1
impulso,1
complicación,1
basa,1
volviendo,1
desactivaria,1
borraría,1
desechable,1
aplicarlo,1
tiempecitos,1
suposariabierto,1
nobteconocida,1
mlo,1
nesecit,1
110000,1
laborable,1
diseñado,1
inicie.de,1
mensionaron,1
invesiones,1
invesion,1
alianzas,1
adeudado,1
limitadamente,1
intención,1
escuentra,1
ficica,1
sanar,1
adquirirlo,1
credtio,1
conra,1
duo,1
destinarlo,1
abandonada,1
reconque,1
30029,1
siy,1
abisinecesito,1
eta,1
excension,1
atenccentro,1
predefinido,1
"$762,900",1
1075,1
ofreció,1
"6,000",1
duraría,1
275,1
eligible,1
torniquetes,1
defecto,1
obvio,1
recuadro,1
free,1
fire,1
transfetenviad,1
funviona,1
afectaría,1
acreditan,1
revive,1
day,1
meaparesen,1
feresias,1
meye,1
gan,1
lacuenta,1
ingresado,1
revisaron,1
cosí,1
havlae,1
whatts,1
liquidaría,1
"28,000",1
oks,1
ocurrio,1
identificarme,1
aclarcion,1
pediran,1
pregunte,1
transefir,1
utilizarse,1
saturado,1
entendiendo,1
irlos,1
309,1
4060,1
coacalco,1
autorizads,1
pascua,1
fesival,1
1800000,1
trabado,1
“fondos,1
$647.46,1
la.solicito,1
la.quieren,1
dejaran,1
quererme,1
rechazachaza,1
numerotes,1
consultarlo,1
volvería,1
terrazas,1
electronicas,1
"300,000$",1
uquiero,1
adicionando,1
mecánica,1
disponga,1
pur,1
garporque,1
descargando,1
digitalmente,1
revísalo,1
$20mil,1
gustó,1
depositoa,1
"10,500",1
tecnicl,1
disque,1
problemaa,1
cuidado,1
obten,1
accesible,1
50-60,1
finhey,1
lis,1
ingesos,1
stoy,1
micien,1
peien,1
aparta,1
donevoleon,1
801,1
taral,1
cancquiero,1
inverkids,1
pusimos,1
qjeria,1
informacionparaeste,1
sllicitud,1
palmi,1
tercreto,1
serlo,1
entregarle,1
líquida,1
quedarian,1
bamcario,1
0.20,1
direccto,1
bamcsrio,1
twngo,1
personals,1
relffeje,1
2400000,1
240000,1
350mil,1
250mil,1
160mil,1
355mil,1
2513,1
adolescente,1
encontrae,1
profundizar,1
360,1
cámbialo,1
550000,1
recibio,1
ahy,1
24k,1
chiapas,1
rercono,1
cidos,1
dicel,1
hiros,1
htros,1
etfs,1
"549,900",1
"$609,900",1
hacera,1
comuniqué,1
noce,1
soles,1
psra,1
prepago,1
conservarla,1
beneficioso,1
poseo,1
albergar,1
840,1
reflejaría,1
bases,1
5:10,1
riquísitos,1
descactivar,1
desfasada,1
gnp,1
migro,1
cuerdo,1
great,1
acdere,1
trnfoero,1
comi,1
negocia,1
mosca,1
2millones,1
aceptados,1
interban,1
zada,1
proveedores,1
esesa,1
nochesches,1
549000,1
instalarlo,1
seleccioné,1
improcedentes,1
rebajar,1
catorcenales,1
naturales,1
registar,1
repita,1
mecanismos,1
reunir,1
ñanhey,1
"700,000",1
susuky,1
22000,1
ente,1
abarrotes,1
dipedi,1
tpagar,1
seleccio,1
iluminación,1
solicítala,1
"511,000",1
"298,000",1
rep,1
mana,1
ganas,1
bajas,1
12.49,1
puedieras,1
256.00,1
decidir,1
percepciones,1
pedos,1
depoaito,1
anteriror,1
unomente,1
234,1
resolverl,1
contactaran,1
éso,1
excusas,1
foot,1
ayudó,1
corrobore,1
elektra,1
llamae,1
"169,999",1
"40,00",1
menprestatarian,1
debío,1
guapo,1
desgasto,1
necexiste,1
"412,000",1
endoso,1
hacemos,1
omaicinas,1
ciencoliacan,1
regresaria,1
reembolson,1
asearme,1
garatizada,1
no.puedo,1
durará,1
tapples,1
inalámbrico,1
8143922632,1
residentes,1
naturalizados,1
suspenso,1
esoo,1
algin,1
"$460,000",1
600303,1
mmoto,1
centró,1
erqn,1
solistasinformacionotengenlo,1
pasarhicieron,1
455,1
vigilar,1
reparar,1
nqyeda,1
epro,1
necesito.comunicarme,1
siemple,1
ayaume,1
cancelarme,1
enxuentro,1
conatancia,1
bamcos,1
bamk,1
emergencias,1
tebgo,1
4600,1
"250000,2017",1
lya,1
eligi,1
usas,1
uwu,1
credita,1
aumenn,1
aumentara,1
ento,1
aumentaba,1
tponer,1
lose,1
caches,1
mucecto,1
$107,1
mueva,1
elevado,1
oxxono,1
dirigirse,1
comezar,1
"$8,363.82",1
"$10,058.61",1
bendición,1
recomensas,1
recomensa,1
vieron,1
resolvió,1
abinado,1
investigar,1
vreditot,1
230'000,1
90'000,1
verás,1
maneje,1
informal,1
mensy,1
joel,1
axxa,1
serguro,1
salw,1
destinada,1
marktplace,1
meil,1
reinstalarlo,1
márcame,1
apert,1
afectado,1
depostos,1
parace,1
430,1
$287,1
agentes,1
acabé,1
programaron,1
400000.00,1
extremos,1
cortos,1
rebolso,1
veneficiario,1
necesiten,1
intentaba,1
ecredito,1
$2626,1
me.lanza,1
referentes,1
saberlos,1
preliminar,1
pat,1
moverme,1
patransporte,1
rembolsaran,1
calculan,1
tardes..disculpe,1
reponieron,1
depositaban,1
escuchaste,1
subió,1
aparec,1
vente,1
crexito,1
rechasado,1
entonses,1
mentira,1
engañan,1
person,1
"150,000.00",1
tento,1
subimos,1
$900,1
$1200,1
lip,1
demasiados,1
entreguen,1
270000,1
1-36,1
2-planeo,1
limitarla,1
faltando,1
implicaría,1
premium,1
ilegal,1
confío,1
$180,1
especializada,1
basura,1
"retirar$25,500",1
retiran,1
tarjetajeta,1
didito,1
hacerpuedan,1
muda,1
mudar,1
tarjetasa,1
quitaransferenciaquiero,1
tarjetami,1
eice,1
reflejaba,1
lasjabanninguna,1
mañmedia,1
favortes,1
graduacion,1
gaeantia,1
findandloc,1
$19,1
aclaración.”,1
preguntarse,1
icarel,1
bancompo,1
valley,1
dorantendenidas,1
dondera,1
conceptos,1
155000,1
asuntos,1
alternativo,1
tarden,1
informaron,1
tardaria,1
transición,1
human,1
obtengoo,1
exclusivamente,1
81000,1
27.0615,1
aciascomo,1
abuelos,1
anotando,1
vevempezar,1
18meses,1
convenga,1
javieresmujer,1
hombre,1
sual,1
11.24,1
mesesy,1
470900,1
mencione,1
"837,900",1
salte,1
comentando,1
callo,1
brindame,1
difiera,1
2999,1
acumuló,1
letende,1
reporyun,1
onix,1
pirr,1
enteegada,1
120mil,1
area,1
muchachas,1
marihuana,1
fentanilo,1
sustancias,1
ilegales,1
cuerpo,1
vendas,1
historias,1
libros,1
dedican,1
jey,1
facilitar,1
consígueme,1
"$170,000",1
costaba,1
cerosetentadossetentaceroperoque,1
icarome,1
uto,1
supuspulares,1
dejopeilobuentaspasacomo,1
adqpuedo,1
vapor,1
pal'norte,1
aprobaría,1
cambiarme,1
descargues,1
inicies,1
puefes,1
miea,1
ahor,1
marvar,1
hermoso,1
credijeta,1
mexicdad,1
separo,1
aclararlos,1
330000,1
cancelarse,1
cuentro,1
facturo,1
serca,1
rayos,1
responderme,1
existía,1
porqe,1
afiliadas,1
"$10,149.00",1
ocho,1
calculado,1
variación,1
202000,1
"año,enganche",1
bancan,1
gil,1
305,1
она,1
tři,1
alcaldía,1
álvaro,1
obregón,1
"65,000",1
pagaban,1
jave,1
starline,1
05022,1
7509,1
300309,1
hiba,1
sencillo,1
platicarme,1
ocea,1
178000,1
uqe,1
ofertar,1
ol^,1
creído,1
condicionada,1
contadora,1
ayudarle,1
tenerle,1
tardarse,1
lapso,1
19500,1
viajando,1
visitaré,1
sureste,1
seguro.xubre,1
accidentes,1
carretera,1
cuatrimoto,1
segway,1
"233,000.00",1
"183,000.00",1
exedi,1
mane,1
meni,1
mach,1
morito,1
showyu,1
inglis,1
iran,1
spit,1
spanish,1
ejcuanto,1
singapur,1
kuala,1
lumpur,1
acrediten,1
automotres,1
corrijo,1
"500,000$",1
indicas,1
modernos,1
riesgoso,1
ocacionesjavilomiraasaalueseoaeve,1
amaste,1
48hrs,1
"432,000",1
"$432,000",1
cotizaciom,1
rastreador,1
resivido,1
wait,1
migrados,1
hey+,1
285000,1
"$425,000",1
"1,000",1
"$492,900",1
"$225,000",1
añgun,1
ixtepec,1
270,1
rechazadocomocomo,1
proporcioname,1
comoras,1
"35,000",1
plazas,1
mdd,1
premiacion,1
puerta,1
retomar,1
trarjeta,1
inabilitada,1
l.banco,1
edita,1
autofinanciamiento,1
mgc,1
"$369,000",1
gmc,1
mos,1
pued9,1
389000,1
$3300,1
atendida,1
catologi,1
corregirlo,1
32años,1
16años,1
negada,1
appcion,1
srrvicio,1
orario,1
tengonque,1
el.de,1
hustedes,1
el.prestamo,1
beo,1
cotices,1
házmela,1
roben,1
tocó,1
candado,1
puedl,1
muego,1
sitema,1
debk,1
ingresen,1
comoutadora,1
metodo,1
inflae,1
inflacion,1
sucr,1
internetsu,1
romper,1
el.plstico,1
cuan,1
el.limite,1
"479,000",1
"85,000",1
eya,1
sbri,1
apliar,1
csncelada,1
5100,1
necesro,1
preciosono,1
desconocida,1
despegar,1
retiene,1
graduarse,1
306,1
válidos,1
equivale,1
clarro,1
300000.00,1
35.000,1
peses,1
restablecí,1
10.910.92,1
compone,1
pertenecemos,1
589,1
corrwo,1
automático”,1
inmediato”,1
kawasaki,1
z900,1
1.220000,1
pásarme,1
$110000,1
saldrán,1
"210,000.00",1
bito,1
confusión,1
acostado,1
puero,1
título,1
830,1
1130,1
preciono,1
podías,1
garantizadas,1
tajeros,1
apetece,1
eequisitos,1
estacuanto,1
dacion,1
puesminutospues,1
ceursegunrevision,1
norma,1
ningunas,1
$0.00,1
metia,1
pagarmeel,1
pagarmensualmenamensualmente,1
meme,1
obviamobviamente,1
nque,1
agotar,1
existencia,1
ofrezca,1
usactivado,1
apuntalo,1
realizaré,1
robo/extravio,1
constancias,1
hablarme,1
clasificado,1
comicidad,1
inporsedente,1
$$$,1
cliene,1
cuanro,1
voya,1
comompuedo,1
"15,0000",1
emprendedores,1
e.firma,1
elección,1
tardao,1
med,1
confirmad,1
rebajaría,1
ito,1
ibiza,1
"$7,597.97",1
veiculo,1
adiscional,1
evolucione,1
resolvía,1
aaclaracion,1
vidrios,1
rotos,1
caresado,1
deatus,1
devoltado,1
realizarán,1
invalidada,1
aceptaba,1
rebaron,1
dinero.pk,1
familiares,1
atravez,1
"$470,000",1
confuso,1
desconfío,1
aconsejame,1
novia,1
revalidar,1
tatde,1
351900,1
variedad,1
crédito.como,1
atractivas,1
unión,1
europea,1
80mil,1
utilizándola,1
preciso,1
próximos,1
bonos,1
procedieron,1
detener,1
omitir,1
estarme,1
245000,1
ejecutará,1
copie,1
vensa,1
quisieras,1
locación,1
spy,1
abquirir,1
confirmarme,1
déjalo,1
кирог,1
"1,200,000",1
placas,1
360k,1
obter,1
leído,1
consultó,1
minpago,1
comprometida,1
fraudes,1
congele,1
atacantes,1
vincule,1
$33,1
devolucipn,1
apoyas,1
platicar,1
atrabez,1
sólicitar,1
7mil,1
9800,1
aplicarán,1
valsesporque,1
omi,1
respalda,1
$380000,1
alejandra,1
entregados,1
me.deja,1
"tránsito,a",1
vento,1
delujo,1
esplicame,1
viste,1
$2037,1
$1630,1
cintilas,1
cajeto,1
arreglaría,1
imms,1
indecentemediaveintiseis,1
medienque,1
recibiste,1
sinosino,1
clausulas,1
coberturas,1
comísion,1
loca-tool.com,1
ptm,1
$12.49,1
127990,1
domicililo,1
habran,1
quisistos,1
reiterativo,1
33000,1
axa,1
galaxy®,1
galaxy,1
regra,1
permanece,1
retirarlos,1
hare,1
10:00am,1
relizar,1
pagosagos,1
liberadas,1
restando,1
obligaron,1
decidí,1
reembolsaría,1
mostraron,1
legítimo,1
ilegítimo,1
"364,000",1
dre,1
guie,1
coupe,1
consecionario,1
"145,000",1
sia,1
having,1
pesat,1
depues,1
mandarian,1
activobla,1
deducciones,1
puedomo,1
contesten,1
ayudaría,1
pierdan,1
mmaa,1
fuí,1
3693,1
compañero,1
amas,1
prometo,1
maspronto,1
gestiono,1
nego,1
tcgarantizada,1
importes,1
querían,1
vendio,1
uenta,1
nodo,1
dina,1
reflej,1
nupetir,1
560000,1
siequinientos,1
noy,1
empezadosme,1
habilitadas,1
descríbemelo,1
caon,1
setecientsetecientos,1
805,1
rfue,1
miaparece,1
centron,1
regenero,1
robótina,1
busquen,1
din,1
premios,1
amarilla,1
notificaremos,1
acuso,1
4años,1
corresponsalía,1
lobque,1
rechace,1
dañe,1
ocurrirá,1
abonaré,1
entregarán,1
prófugos,1
jncrementar,1
minlimite,1
queieo,1
entoces,1
obtner,1
"4,000,000",1
tiende,1
apaso,1
pdi,1
persnal,1
mencionaba,1
inventen,1
tarjetataviente,1
pus,1
sonre,1
llaga,1
caos,1
llegada,1
posiblemente,1
pag,1
valoradas,1
conyeva,1
frustrado,1
confunde,1
licual,1
spreguntarlo,1
temperatura,1
utilizarte,1
ejeta,1
clasifique,1
prosedio,1
50$,1
"199,000",1
fisocs,1
tardaban,1
varía,1
diferimienti,1
resolverse,1
súpercashback,1
oculta,1
costar,1
agregarlos,1
8140538552,1
"$53,000",1
me.aparece,1
gradúan,1
vexi,1
invex,1
uala,1
favorables,1
oigan,1
tío,1
abrirle,1
"$150,000.00",1
dim,1
297,1
concreto,1
menosres,1
ottra,1
acreditarán,1
189.95,1
recomiendan,1
múltiple,1
lujo,1
gucci,1
allegado,1
ess,1
srk,1
roja,1
"69,900",1
anňo,1
4656.01,1
2079.93,1
accidental,1
realization,1
transferecias,1
909,1
bolo,1
habib,1
cotizame,1
ponlo,1
mensulidad,1
desvinculó,1
tenerlos,1
cobraria,1
creditojeta,1
inscribirme,1
enta,1
durtiempo,1
abrirse,1
pauenta,1
unincias,1
arda,1
colecciones,1
ultimamente,1
acumulado,1
originalmente,1
suele,1
recuperé,1
tendran,1
dinamica,1
tolkens,1
799.00,1
escojo,1
grabable,1
mucha,1
32000,1
hagas,1
"$190,000",1
pidiéndole,1
suceda,1
ningunos,1
3d-secure,1
regalías,1
kindle,1
objeto,1
agregada,1
deversion,1
“consultas”,1
pasaré,1
ram,1
enviaflores.com,1
canceles,1
1001.36,1
webs,1
invalidados,1
"de$270,000",1
descargarla,1
inersion,1
ducati,1
scrambler,1
domicilia,1
regladas,1
retornada,1
cliege,1
cosmos,1
antiguos,1
espectativas,1
compraste,1
clark,1
esperes,1
valla,1
esperas,1
proporcionarse,1
aprobarlo,1
rechazarla,1
1233700,1
anualidad/cashback,1
2.5,1
encontr,1
nimero,1
monento,1
cambiaf,1
asepto,1
credinegocio,1
millon,1
presentarían,1
perjudicaría,1
807903,1
finiquitado,1
explixame,1
tenho,1
oyro,1
mex,1
pop,1
tianguis,1
kawai,1
enganche209995,1
minpregunta,1
decirlo,1
depositara,1
linia,1
miel,1
entoses,1
desconoci,1
repuse,1
barata,1
corizala,1
elelmomento,1
novecientosmil,1
kisieras,1
peroortar,1
defraudaron,1
yransferencia,1
oie,1
habrían,1
1.$400000,1
2.48,1
cotisemelo,1
ptograda,1
programada*,1
simulaciones,1
"389,990",1
nissam,1
np300,1
frontier,1
consulta4,1
aclaraxion,1
aplicará,1
recursos,1
likidado,1
mencionó,1
mesaje,1
ahoro,1
"87,000",1
desbloqueó,1
actualize,1
tentando,1
fonde,1
trago,1
390,1
necesitaré,1
invita,1
valudar,1
clinñentes,1
"327,900",1
solicitaría,1
dirigirme,1
"$186,900",1
interviene,1
indepdmdiente,1
influye,1
depositándome,1
яма,1
subscripción,1
dejemoslo,1
cifras,1
fiananciar,1
119000,1
"$560,000",1
éntrate,1
empresaria,1
perfi,1
deesde,1
cuentas>cuenta,1
trababa,1
tarses,1
calculame,1
esquema,1
cotizador,1
automóviles,1
mocientod,1
tec,1
tdc*,1
99000,1
fínalmente,1
autimovil,1
“universo”,1
regalan,1
tranquilo,1
felicidades,1
sabemos,1
tuviste,1
garantía*,1
recompensamos,1
penalizan,1
intwrbamcaria,1
visibilidad,1
salieron,1
llevarlo,1
calimax,1
escenarios,1
eléctricos,1
miraque,1
asajalajuntaesdejhey,1
pipale,1
paloposayaisosemismapipal,1
tambirn,1
mis.a,1
2031,1
ejer,1
validala,1
eszar,1
ayudo,1
tontonta,1
tontame,1
rme,1
"17,000",1
$999mxn,1
grafico,1
m.n,1
salicitarlo,1
despositar,1
montó,1
requerida,1
march,1
cubierto,1
amplíe,1
299000,1
realizaste,1
usamos,1
tuyo,1
tanteo,1
empesar,1
demi,1
generará,1
comience,1
generarán,1
rgistrar,1
mandarte,1
averio,1
pulsar,1
darmelo,1
emacion,1
insisti,1
numeronde,1
util,1
136000,1
regresando,1
hiv,1
vendiendo,1
499.000,1
fynciona,1
apoyes,1
reo,1
cualqen,1
efectiirarl,1
aseguradora,1
fijemos,1
http://myiq.com/ulm/myiq.com/mx,1
643.99,1
dudosos,1
juntas,1
dantander,1
comprobación,1
cinta,1
firmo,1
distribuidores,1
"301,900",1
blaii,1
assorted,1
finalización,1
avanzo,1
invitados,1
bonificado,1
verifiques,1
leee,1
"69,600",1
obtendre,1
aitorizan,1
amplió,1
diles,1
"1-319,000",1
2-60,1
3-2023,1
"4-35,000",1
37mil,1
ententando,1
cardo,1
$1440,1
$1250,1
corizacion,1
$1000mil,1
creer,1
"499,000",1
simultáneo,1
hcer,1
ivr,1
alcanzó,1
pagaro,1
establecida,1
preocupo,1
individual,1
secuencia,1
celulr,1
comentado,1
rescatar,1
conservé,1
lanllamada,1
recharazon,1
determinar,1
"$100,000.00",1
"$6,800",1
cidi,1
/bic,1
elegido,1
sumándole,1
domicilie,1
crédit,1
ejecutarse,1
chile,1
paises,1
hei,1
impacte,1
pagas,1
abrír,1
i10,1
"$282,700",1
"$152,700",1
gosto,1
132000,1
“ingresar”,1
“validación,1
comprarlas,1
etf's,1
invitan,1
inviten,1
revisarse,1
smartx,1
est,1
traerían,1
descargó,1
millonaria,1
125mil,1
3200,1
2250,1
duele,1
carisimo,1
cuenta/,1
folleto,1
acorte,1
el.tiempo,1
proporcionaste,1
tc250,1
reti,1
asigne,1
valides,1
parcializado,1
enpleo,1
pudiendo,1
vuelven,1
reatármelo,1
colonia,1
peroana,1
ccion,1
490000,1
$55.95,1
sinnose,1
ningin,1
entregué,1
527,1
"$210,000",1
autorizármelo,1
honestamente,1
encontrsdo,1
“cómo,1
manejes,1
"$5,315.01",1
agregado,1
cometi,1
cias,1
cretu,1
pasarse,1
establecerlo,1
desparecio,1
reintegración,1
ahh,1
dinerito,1
ingresa,1
sephora,1
nola,1
presprobada,1
qusiera,1
ajustado,1
configuran,1
flematicograciasme,1
numeronas,1
nómada,1
7200,1
distribuye,1
amespecificas,1
targets,1
granita,1
hacomo,1
creditas,1
ramirroberto,1
coto,1
concesiones,1
jemplo,1
automotrizo,1
cotizaciocotizacion,1
plas,1
veinticincel,1
usario,1
únicos,1
"23,000",1
$70000,1
9pm,1
caería,1
heymenores,1
dlls,1
edit,1
7/60,1
automóvil❓,1
decepciona,1
hora.esta,1
"439,000",1
"185,000",1
"4,200",1
tantito,1
8640,1
370000,1
efectivi,1
piso,1
halar,1
"clabe,pero",1
"rechazaron,necesite",1
problemas.le,1
zapopan,1
caneclaria,1
presione,1
metio,1
recision,1
ficis,1
2450,1
infan,1
tatda,1
criterios,1
revolso,1
holaaaa,1
grabadora,1
expendio,1
carne,1
branca,1
devolucin,1
con.n,1
motorola,1
g86,1
escríbenos,1
contacto@hey.inc,1
trámito,1
sucederá,1
ono,1
sído,1
"pesos,porque",1
crie,1
enoxo,1
oxxma,1
terminalcomo,1
instantáneamente,1
10.4,1
insolutos,1
autp,1
si.por,1
ammm,1
limitado,1
indicará,1
megacpo,1
venderla,1
9=am,1
"si,abra",1
indique,1
decisión,1
restregar,1
resistencia,1
ojalá,1
24000,1
banregiom,1
códig,1
rgiomxmtxxx,1
mocimientos,1
"275,000.00",1
ocuparía,1
hustagraciasno,1
espeleoquien,1
contactualservicio,1
450000.00,1
100000.00,1
seguire,1
untilizando,1
modificación,1
dejada,1
otorgarme,1
oportunidad,1
anexa,1
crisito,1
cerre,1
tiken,1
portales,1
ellosb,1
mismaa,1
renault,1
oroch,1
acercamiento,1
elegirlo,1
iniciarlo,1
enti,1
four,1
consejos,1
mejorarlas,1
autorizaría,1
madre,1
heybanco@qp-mail.mx,1
investigué,1
test,1
personalidad,1
ondas,1
niza,1
llevas,1
1989,1
loco,1
llevando,1
quiobo,1
rollo,1
corroborarlo,1
abirera,1
cobrsron,1
"banco,‘pero",1
autorizaciones,1
hola!....oye,1
erróneos,1
"aparece...""bloquear",1
"tarjeta""....que",1
"no,es",1
alcaracion,1
representantes,1
cliete,1
"$95,000",1
bloqueron,1
incluído,1
mado,1
westetunion,1
contactarnos,1
163,1
ducurssl,1
solucionado,1
tomarle,1
26000,1
domicilloe,1
"529,000",1
bugueado,1
ayudaras,1
unrear,1
laque,1
transferenciasferencia,1
engache,1
tenfo,1
sincero,1
componiendo,1
transfiren,1
traspasos,1
clabel,1
aserlo,1
encendida,1
repercute,1
transparente,1
cellular,1
aquieta,1
shows,1
pocas,1
irme,1
no…,1
mmmmm,1
comencemos,1
proyección,1
amplia,1
452000,1
"$152,000",1
"$37,800",1
"100,000.00",1
“amazon”,1
$129,1
manifiesto,1
proporcionado,1
investigación,1
terremotos,1
reemplazará,1
vivos,1
reglamento,1
subirá,1
astenia,1
ocso,1
bonita,1
operativo,1
dámelo,1
2da,1
renovando,1
pediré,1
proporcionan,1
dejsran,1
comoe,1
santos,1
contactamr,1
mexicnos,1
"263,000",1
desinstalarla,1
expiación,1
metalicas,1
ponle,1
emitida,1
existían,1
desafortunadamente,1
fraudulenta,1
“tipo,1
producto”,1
autógrafo,1
489000,1
parameto,1
"25,300",1
expirado,1
caido,1
deducir,1
oersonal,1
beefaltoadejajayo,1
sosahay,1
aprobarle,1
referida,1
dodnr,1
cuba,1
graciaas,1
sule,1
investiguen,1
entienden,1
siiiii,1
29000,1
cuánto.e,1
"379,900",1
$172,1
sore,1
habilita,1
ell,1
oxxl,1
$103000,1
atncion,1
inf,1
persistiendo,1
elegibles,1
entraban,1
personalizarlas,1
logotipo,1
auromovil,1
gra,1
eques,1
transcion,1
“ya,1
o.k,1
730000,1
facilidad,1
eauto,1
imbursa,1
397000,1
carísima,1
competitiva,1
extraños,1
"servirá,correcto",1
74000,1
la.tarjeta,1
otorgarán,1
"54,999",1
penaliza,1
aporta,1
xavi,1
hah,1
bruta,1
800mil,1
1millon,1
*com,1
16/02/2026,1
mandarselo,1
lore,1
mensulaes,1
3msi,1
aparzca,1
emergentes,1
debes,1
desbloqueen,1
540000,1
wooow,1
separados,1
taroo,1
autto,1
proces,1
hom,1
"260,000",1
aprovecho,1
plantearé,1
reírse,1
efectirco,1
"$682,000.00",1
cuentarir,1
goya,1
vispadoqueno,1
informacioformacion,1
clienion,1
numrepetir,1
aceptarme,1
sencilla,1
reiniciaré,1
inesperados,1
solictar,1
ejecución,1
pagares,1
visualization,1
reiniciado,1
emtonces,1
estructurado,1
"$898,500",1
ajustarlo,1
graduaré,1
informativa,1
resume,1
ganados,1
suto,1
gue,1
$175000,1
$17500,1
pésimo,1
llevan,1
deacomtsndolo,1
comer,1
completem,1
puedo.disponer,1
echra,1
recupere,1
plastic0,1
nevio,1
quirro,1
despensa,1
675nk,1
"149,000",1
suya,1
cubran,1
mmmm,1
metros,1
peraahola,1
kadgeback,1
autorizarían,1
trabajamos,1
profesional,1
actuve,1
quedaban,1
siu,1
ira,1
retrasar,1
184,1
rebase,1
ménsulaes,1
scompletsr,1
asepts,1
validoeh,1
compraba,1
графис,1
augments,1
restriccion,1
rebasando,1
2pm,1
teniente,1
668000,1
restituir,1
extravío..al,1
llevó,1
renglón,1
notifaciones,1
deportivos,1
apoderado,1
invertiera,1
invierte,1
reflejaria,1
lones,1
como.verifico,1
chao,1
explictamente,1
heynanco,1
bancoeegional,1
pathfinder,1
tazas,1
"830,000",1
titulo,1
clane,1
pon,1
invirtiendo,1
extencion,1
8122673446,1
traqueo,1
transacciónes,1
rota,1
35m6,1
regflejado,1
metálicas,1
probe,1
paracetam,1
fifica,1
tranferenciaas,1
"$3,000",1
targe,1
devito,1
desear,1
entomces,1
tarneta,1
recompensas.por.tosad,1
cheo,1
recompesas,1
aprobarmelo,1
"cobro,pero",1
4:51,1
reportare,1
megustoria,1
garanatizada,1
450nk,1
procesaron,1
dependencia,1
pesosa,1
toseres,1
70090,1
preocuparme,1
pronta,1
apunto,1
pendites,1
atenta,1
"3,000,000",1
noneata,1
señorito,1
utilicemaaplicacion,1
sgo,1
atenl,1
enlazarme,1
categoría,1
$130000,1
prepararme,1
mandaste,1
alo,1
conservadora,1
ludo,1
erróneas,1
solicitt,1
"$25,000",1
restamos,1
repíteme,1
credeticio,1
ponerloa,1
aparecé,1
dique,1
decidieron,1
extenderlo,1
frieguen,1
mera,1
basado,1
garantísada,1
desinstala,1
vaca,1
nuca,1
67196,1
tarjate,1
directiva,1
fallan,1
delta,1
tienian,1
mentiasigencrequier,1
informiero,1
metaeta,1
besame,1
comene,1
cocacolala,1
santillame,1
infdar,1
sinquiero,1
posicion,1
dey,1
pepero,1
lamente,1
tieice,1
argumentar,1
haberme,1
sstá,1
llendo,1
consignación,1
consigna,1
599,1
866-712-7753,1
linkeo,1
asco,1
reinvente,1
plss,1
"2,500",1
acrediticio,1
vivienda,1
usada,1
milones,1
correct0,1
"reconozco,pero",1
reflejarían,1
comunicatme,1
vivio,1
arizona,1
aumente,1
remode,1
219,1
electrónicas,1
ganado,1
melate,1
divido,1
haberlo,1
configirado,1
finalizado,1
saquemos,1
sacamos,1
278,1
continuaría,1
cede,1
derechos,1
vendría,1
conservo,1
”gracias,1
interés”,1
"$149,900",1
niño,1
149000,1
tranfiendo,1
generarla,1
creando,1
demasiadas,1
pise,1
csmbiar,1
4392,1
2626,1
hemos,1
listas,1
encontrando,1
coincidencia,1
ilegible,1
cobré,1
entonc,1
esperarme,1
actualizándola,1
consigue,1
numérica,1
"81,800",1
desposito,1
bloqué,1
accesibilidad,1
me.pueden,1
quisiéramos,1
impresora,1
dtf,1
faltado,1
explicaron,1
concierto,1
"$12,000",1
importado,1
legalizado,1
pedimento,1
aduana,1
bajaron,1
revisarme,1
participa,1
llagó,1
cheke,1
pagará,1
conel,1
quierobde,1
indebida,1
pactado,1
garantizafa,1
2200,1
itunes,1
grabadoras,1
potosí,1
amplios,1
27k,1
perdido,1
74.99,1
avances,1
migrando,1
tranferi,1
metalizadas,1
material,1
biometría,1
lados,1
girando,1
“cancelar,1
appa,1
bocaba,1
movimineto,1
pla,1
260,1
cretarjeta,1
declinta,1
repertirrtir,1
ellas,1
supongamos,1
estába,1
cuán,1
atyudane,1
deberás,1
inicialmente,1
yuna,1
12.70,1
comunicado,1
yam,1
repostar,1
encmhanche,1
transacna,1
1006,1
702,1
odia,1
acompáñame,1
juguete,1
glc,1
sutomotriz,1
cotizaciones,1
799,1
incrementó,1
aclare,1
saldoa,1
interés’,1
trajeron,1
privalia,1
$60,1
1050000,1
recalcula,1
1250000,1
codigoel,1
apero,1
descubri,1
regístrate,1
90%,1
añadí,1
encontrarte,1
elegiría,1
demorado,1
aportó,1
financiarlo,1
rebotando,1
gastes,1
sam,1
instituciones,1
prefieren,1
obligarme,1
dispocicion,1
mancomunada,1
apertiraron,1
"2,000,000",1
indiquen,1
hatchback,1
"$272,400",1
dispersar,1
dispersión,1
validé,1
prefer,1
depositary,1
2026.1,1
40099,1
"499,800.00",1
hibrido,1
haslo,1
uveve,1
uvevea,1
adolescencia,1
fallido,1
tdoo,1
147,1
repitelo,1
comlnpara,1
hra,1
compra...yo,1
sobraron,1
sobran,1
así...pero,1
dispo,1
hab,1
laste,1
destinados,1
jubiló,1
bebe,1
18%,1
evaluó,1
temo,1
india,1
recomenpesas,1
acumulan,1
componente,1
biometrizacion,1
conntactar,1
sombre,1
patrocinador,1
trj,1
pasquiero,1
pedirle,1
tepocicion,1
celar,1
vengandosey,1
strikerdonde,1
dla,1
permine,1
telefônico,1
violeta,1
guerrero,1
presentando,1
citencodudas,1
actualizando,1
cecion,1
señoresabi,1
completará,1
empleador,1
ponemos,1
mandarla,1
gustavo,1
madero,1
fuerte,1
saberme,1
expresar,1
parecio,1
perp,1
avisará,1
comya,1
diciendote,1
respondas,1
c9n,1
agentw,1
roban,1
27.1,1
generaras,1
elige,1
interese,1
hive,1
ejecutaron,1
pondría,1
250-300k,1
900k,1
convenir,1
leasing,1
cupra,1
9999,1
renoven,1
volverse,1
comiso,1
8:00,1
"146,000",1
abansar,1
yenar,1
solicitu,1
decirque,1
sincronizado,1
expliquen,1
muchísimo,1
digitar,1
cuel,1
comunicaré,1
edomocilio,1
535,1
burger,1
king,1
denegó,1
colombiano,1
puntosv,1
consultarla,1
assessor,1
realizae,1
het,1
abrieron,1
negoció,1
reportaran,1
холя,1
de2000,1
adiciona,1
aseguradoras,1
creidto,1
362000,1
ahunmentar,1
679,1
"$345,000",1
apesde,1
ventaen,1
8193,1
hisieron,1
mateiscorpontoymedejatiqedoque,1
sosievesnoteveyecuanto,1
garantiagarantia,1
monopolice,1
rigido,1
cindehilagoutedetineusaldenavsi,1
salerno,1
escuche,1
reditos,1
anjlar,1
deducible,1
ñarte,1
enronces,1
precalifico,1
enciaste,1
"24,000",1
serie,1
hopitalityy,1
entraría,1
ahorrando,1
dis,1
aeropostay,1
terminaria,1
regimen,1
simplificado,1
hagamosla,1
solcitar,1
odiarla,1
validad,1
laboratorioboratorios,1
venio,1
"16,000.00",1
1600.00,1
accent,1
gls,1
1.6,1
08400,1
distinta,1
noté,1
actualizada/,1
involucrado,1
aquellas,1
descargamstado,1
grasos,1
anualida,1
ipotecar,1
un.peestamos,1
urgent2,1
cuent,1
profundidad,1
biomeacion,1
bifacial,1
bimetricaabifacial,1
arrojaba,1
pusieran,1
demandehey,1
tarjetla,1
usare,1
jeimy,1
desbloquearme,1
9500,1
peoss,1
queh,1
dara,1
dida,1
gerberas,1
metter,1
spiritual,1
dimelos,1
xredito,1
"si,cumplo",1
"249,000",1
evaluando,1
pendienengo,1
90010,1
xkno,1
klo,1
grasias,1
instorial,1
"600,00",1
"340,000",1
informarme,1
lande,1
dic,1
enterada,1
próximas,1
mousr,1
dificil,1
cubriendo,1
basta,1
convertirme,1
ecar,1
"$19,000",1
tokendinamico,1
galaxieseaveinticuatro,1
transferir?😭,1
moviendo,1
gradas,1
ésos,1
palm,1
realicrealice,1
mido,1
oke,1
daja,1
"$260,000",1
durar,1
verme,1
585000,1
darte,1
"802,900",1
cancelarlos,1
umta,1
orita,1
fecha3,1
conste,1
interbacaria,1
seleccionarlos,1
loscdepositen,1
venciera,1
contraña,1
chihuahua,1
bashbaxk,1
reflejen,1
denunciarlas,1
prromocion,1
xtral,1
extenso,1
sabre,1
demas,1
aconsejas,1
donativo,1
requisitoria,1
185,1
negando,1
eches,1
temor,1
801402,1
incluya,1
anula,1
ingluye,1
gsx,1
198,1
fisicjeta,1
migró,1
suponer,1
20.000,1
terna,1
liberara,1
byeee,1
solucionarse,1
"120,000.00",1
marcará,1
veredicto,1
resultar,1
00-15,1
“sugerencias,1
mejora”,1
anomalía,1
“estado,1
disponible”,1
conocimiento,1
"$390,000",1
transferia,1
inducir,1
exento,1
hacquerer,1
traería,1
hera,1
incide,1
conseguirle,1
asignarme,1
automatizar,1
esra,1
gam,1
"$230,000",1
asiendo,1
alla,1
detenido,1
grato,1
realizarze,1
$70,1
molestarte,1
prestaron,1
alguin,1
calaracio,1
elnpago,1
surcales,1
iztapalapa,1
asomarque,1
sientesecalganeocupo,1
saberel,1
idomecual,1
muestre,1
consultan,1
registren,1
redetención,1
56%,1
vulnerar,1
una.imagen,1
12:00,1
a.m,1
11:59,1
"1,259.00",1
agregaría,1
bloqueadq,1
me.puedo,1
logo,1
$954999,1
99499,1
92999,1
especie,1
preocupado,1
anclado,1
deuto,1
conservaba,1
cumplidó,1
utizarla,1
habiles,1
comuni,1
veses,1
barra,1
prestarán,1
хаби,1
reactiven,1
comparas,1
coincidir,1
valen,1
huawei,1
cincuentas,1
liberada,1
compartirme,1
hipotético,1
reembolsarían,1
"$265,000",1
agarré,1
$289.95,1
2.50%,1
corea,1
preguntarte,1
invariablemente,1
emprendimientos,1
limpias,1
tomé,1
“activa,1
"$80,000.00",1
2.3,1
3.20%,1
setentacien,1
comuniques,1
conomuniques,1
colombiaolombia,1
fisic,1
cabrán,1
teley,1
numedo,1
cargaa,1
indebidos,1
regresad,1
440000,1
tando,1
digna,1
transferenciaferencia,1
flejada,1
informaci,1
hiceda,1
llegadno,1
solamentelamente,1
ningulego,1
sferencia,1
descieron,1
detectaba,1
parapara,1
paraonica,1
procesese,1
"$81,000",1
decidido,1
chequeras,1
insteres,1
suuper,1
factor,1
afectando,1
concesionario,1
consesionario,1
concesionaria,1
acudiré,1
hbc,1
digitalizado,1
acicaterminaqesipuessipueses,1
maquina,1
dejarán,1
redirige,1
invitado😒,1
prácticas,1
peroca,1
mibanontacto,1
me.hicieron,1
al.limite,1
bajado,1
poniblesen,1
ayuddito,1
chequera,1
cx30,1
577,1
15-20,1
tiie,1
7.25,1
aseguro,1
completas,1
"2,009",1
“por,1
historial”,1
orlando,1
procedería,1
grove,1
gricelda,1
venciendo,1
alternativas,1
reflejadoflejado,1
crejeta,1
sta,1
2mdp,1
camiones,1
quedaré,1
dejaré,1
utilizaré,1
altas,1
haspirar,1
empezaré,1
designar,1
amer,1
ado,1
sacas,1
apele,1
nestoy,1
acreedora,1
javii,1
inea,1
contactaron,1
revisarlos,1
“graduó”,1
quítenlo,1
espíritu,1
retrasarme,1
registe,1
merch,1
contaban,1
otorgado,1
extraigo,1
atascado,1
reconocí,1
liberarán,1
crítico,1
burro,1
demostrado,1
8118304918,1
agustin,1
cientocincuenta,1
7099,1
"485,000",1
225000,1
configure,1
probar,1
reciban,1
backstage,1
tour,1
preregistro,1
automotoriz,1
puntuacion,1
$1250000.00,1
vomprar,1
cotizavion,1
mendualed,1
utilizoutilizo,1
credia,1
520000,1
aclararía,1
emergente,1
pfae,1
declaraciones,1
770,1
reembolse,1
501,1
soliciyo,1
680.00,1
region,1
proque,1
desactiven,1
“error”,1
ahhh,1
abril/26,1
vencería,1
detecté,1
previa,1
arrastreo,1
cumpliendo,1
noes,1
6mil,1
avale,1
trabajarán,1
inmediatos,1
"$650,000",1
f-150,1
"400,000.00",1
obligatorio,1
"403,900.00",1
"$4,000",1
3d11714c-be3c-42d5-98eb-2778b97b5e45,1
3470,1
"$589,000",1
"$88,350",1
"$659,000",1
invertcion,1
tenso,1
168,1
7.50%anual,1
"cuenta,mientras",1
generaría,1
puédese,1
marcare,1
recomepensas,1
tramitarme,1
7.35%,1
sacauiero,1
aplicaciplicacion,1
dejaron,1
reclamarlo,1
rebasó,1
punta,1
12.5,1
facturar,1
abría,1
cayeran,1
holaaaaa,1
activacion,1
714900,1
42%,1
"86,000",1
"21,000",1
rebotar,1
repetidos,1
sr300,1
darles,1
hsblar,1
esga,1
trip,1
numerompara,1
"30,000.00",1
precisa,1
479992,1
ceo,1
18mil,1
llámame,1
identifiqué,1
informa,1
acumulando,1
aprovecharlo,1
"22,440",1
síii,1
aclararlo,1
fanshops,1
ik26,1
scam,1
supimos,1
984.15,1
gustarían,1
$1250000,1
contarata,1
golf,1
masones,1
reducido,1
idenmi,1
coincno,1
mantendría,1
delvolver,1
notificaban,1
pedían,1
círculo,1
enviarían,1
maneras,1
seguiria,1
grupo,1
realizarlas,1
rembolsaman,1
mar,1
garantizaarantizado,1
actinver,1
resultados,1
transferirles,1
tarjea,1
aaapero,1
banre,1
okeyokey,1
pue,1
puedoi,1
partado,1
aparmientoapartado,1
seleccionados,1
vivía,1
conseguirlos,1
dueño,1
propietario,1
inmueble,1
falleció,1
100.000,1
intentara,1
transferencinsferencia,1
tuna,1
tift,1
atdchey102566,1
"$340,000",1
"$174,000",1
experiences.com,1
gringa,1
lapagina,1
83990,1
bonificaron,1
canalízame,1
sustituir,1
tramitó,1
renovarlo,1
70mil,1
extenderse,1
crecimiento,1
660,1
extiendan,1
pagándola,1
atrasos,1
"$319,000",1
adelantados,1
nda,1
abrirá,1
enlazaron,1
"$85,000",1
sipi,1
1096,1
autoricè,1
preguntarán,1
"$4,400",1
"$44,000",1
"$37,000",1
configurado,1
enlazado,1
gafe,1
recontrstsr,1
sierre,1
medias,1
tmbn,1
limitebde,1
mociones,1
asosiado,1
superé,1
$147,1
dijitos,1
yap,1
19:00,1
"pendiente,por",1
950000,1
831900,1
pagarían,1
83190,1
temomo,1
hueva,1
temoemo,1
anticipados,1
"11,600",1
$66500,1
%30,1
ternera,1
breve,1
demoran,1
realizaba,1
"2026,como",1
salina,1
cruz,1
phone,1
dimelo,1
realizarla,1
applaidofo,1
awalet,1
cio,1
incompra,1
instalacion,1
tambajounfarnaceo,1
tés,1
marcación,1
renovacióndeseguros@hey.inc,1
contestación,1
14/02/2026,1
pones,1
descontarán,1
$699000,1
$400000,1
edreams,1
"239,000.00",1
concluyan,1
gastado…,1
califican,1
okei,1
487,1
ofrecía,1
alcancé,1
checó,1
obtienen,1
poregunto,1
cuemi,1
apareme,1
exitosamente,1
todaviacion,1
detarjeta,1
gunto,1
atencionervicio,1
flejado,1
lia,1
subscripcion,1
lovable,1
deme,1
llamó,1
2267,1
3446,1
“esta,1
cuentas”,1
"$225,00",1
fregué,1
decida,1
372600,1
53%,1
2027,1
2008,1
673,1
repme,1
actúan,1
"429,000",1
"599,000",1
vago,1
coma,1
loaunque,1
menguna,1
mencion,1
simplementimplemente,1
pudrieran,1
impulsar,1
productivo,1
diseñando,1
funcional,1
republica,1
timbrados,1
cfdi,1
evolucionarlo,1
visitas,1
rusia,1
damaciado,1
escalable,1
adapte,1
entradas,1
empiezan,1
extraordinario,1
ilusiones,1
prepararlo,1
walllet,1
"300,000.00",1
180mil,1
"284,000",1
"161,000",1
tranfierna,1
razonable,1
manejara,1
ikea,1
"1,005.83",1
califica,1
incitar,1
cx50,1
"840,000",1
frecuente,1
sibirlo,1
clabr,1
"$430,000",1
pagaríamos,1
179,1
suba,1
asistir,1
“se,1
trasferió,1
configuraciones,1
brevedad,1
aumentarle,1
acclamation,1
rumor,1
aunmero,1
manejado,1
pronhey,1
nicolás,1
romero,1
disponibles”,1
pere,1
severmas,1
requisitosequisitos,1
"1,150",1
boto,1
tecatepara,1
nortera,1
03/04/2026,1
moverle,1
prometieron,1
redes,1
sociales,1
applepayple,1
verificarar,1
palco,1
apúrense,1
weno,1
defirir,1
"$2,477",1
checho,1
retios,1
venmo,1
únicas,1
77.01,1
25/03/2026,1
aunmentar,1
invitaciones,1
entregarían,1
"53,800",1
minuciosamente,1
contrátala,1
subirme,1
necesitar,1
naturalizado,1
nació,1
simulacion,1
"208,000",1
holis,1
negar,1
"$270,000",1
contactarán,1
eln,1
actualicen,1
363.82,1
"550,000",1
aquiero,1
micas,1
enlazame,1
desbloquearlaoquearlo,1
gustaba,1
hayas,1
amapplepame,1
ceeeito,1
alaprece,1
acumulable,1
tranfieren,1
"195,000",1
cuak,1
enviarle,1
670,1
$9000,1
57000,1
raise,1
$408,1
enhance,1
difirieron,1
referenciar,1
xliente,1
ganoteaganway,1
unne,1
notificaría,1
eehheybanco,1
peno,1
saberuiero,1
reflever,1
banjen,1
didicard,1
acreditó,1
atorada,1
cerveza,1
depositaran?o,1
decian,1
cruslozada,1
situaciones,1
pondrán,1
aporte,1
dividir,1
355000,1
65k,1
100k,1
canalice,1
navidad,1
$150,1
lade,1
“credenciales,1
inválidas”,1
cuentes,1
tieen,1
pusey,1
clencion,1
abtil,1
combinado,1
ok…,1
batallado,1
250k,1
50k,1
abonarlos,1
zone,1
acortar,1
aperturado,1
estándar,1
mensan,1
errorerra,1
aclares,1
vaccines,1
banregionpero,1
negó,1
interna,1
54800,1
citizar,1
$1200000,1
mapuedes,1
numlamaal,1
numeres,1
tiñen,1
giftcard,1
poque,1
mensualmemte,1
yedito,1
limita,1
"$389,000",1
"$349,00",1
deudo,1
deudodeudo,1
abtube,1
acordado,1
amen,1
aprovechaba,1
retiraba,1
lleno,1
creditotizare,1
cientoento,1
haceno,1
adicioeta,1
insuficies,1
peros,1
vecros,1
deno,1
dicidieron,1
acalaraciones,1
adoministesvion,1
año2022,1
240,1
"2,700,000",1
tekken,1
teken,1
"1,250,0000",1
299,1
seleccionó,1
seleccióno,1
gol,1
veinte,1
ochenta,1
cuarenta,1
señorita,1
asegurado,1
contratante,1
"$72,800",1
revisados,1
línea”,1
mondo,1
neceiwro,1
reconosca,1
explicarle,1
máximos,1
coabe,1
evidencias,1
acotación,1
estafado,1
diamantes,1
fre,1
recarge,1
prometido,1
generados,1
anunciara,1
ganadores,1
validarlo,1
marketplace,1
contacté,1
inhábiles,1
noruega,1
fly,1
trabajarrabajar,1
planta,1
13%,1
deberse,1
81433922626,1
pique,1
representanrepresentanteebano,1
hebanco,1
"50,000$",1
granatizada,1
entregas,1
retíranos,1
apay,1
liberme,1
penue,1
wallt,1
sensible,1
quoero,1
descargable,1
toco,1
cesar,1
cozumel,1
h&m,1
diner,1
retiraretirar,1
heyhey,1
cajeo,1
retiraren,1
debitaron,1
monti,1
"1,500,000",1
bitenpal,1
329$,1
estubo,1
robot,1
funcionario,1
insoluto,1
bottom,1
heyshobheyshops,1
timar,1
aceptará,1
factores,1
alterar,1
denomina,1
república,1
850mil,1
preregistre,1
reduzco,1
bajé,1
acual,1
$1025,1
accidente,1
7-eleve,1
modificaria,1
appstore,1
157.66,1
desincronizado,1
egresos,1
hedito,1
hermano,1
baualgun,1
confirman,1
fisicaisica,1
daiar,1
caducaron,1
domiciliarios,1
cuente,1
muestrame,1
nominara,1
rio,1
"860,000",1
asesoria,1
eheehe,1
buenome,1
soportete,1
hubieron,1
"$375,900",1
"$220,350",1
realízame,1
1050.50,1
27.1085,1
21699,1
aokei,1
facilidades,1
xml,1
decían,1
mercancía,1
comprara,1
logras,1
digasmis,1
ortogado,1
"6,000,000",1
"tarjeta,el",1
coste,1
250100,1
uanl,1
20.2.0,1
francia,1
“token,1
incorrecto”,1
trans,1
"299,995",1
14.9,1
festivos,1
penalidades,1
atractivo,1
cáncelar,1
mot,1
groove,1
"390,000",1
cusntos,1
telefon,1
refrrirr,1
confirmes,1
r3chazen,1
portabidad,1
totales,1
expide,1
cmabio,1
generaron,1
averiguar,1
rebolsarme,1
reebolso,1
vínculada,1
regalaban,1
adquiere,1
escribirlo,1
tardaba,1
preferencias,1
bonificaran,1
estraveo,1
$370000,1
entraba,1
cause,1
dejarlas,1
honor,1
nu3ro,1
tarjetq,1
derrepente,1
ubiese,1
existente,1
/seguimiento/rastreo,1
jajaja,1
dirigira,1
ofreciendo,1
frustrada,1
feliz,1
sábados,1
inhabil,1
grabables,1
veinticinco,1
minsaldo,1
sibya,1
apta,1
afirmativo,1
offline,1
ney,1
клав,1
contratacion,1
regresaronya,1
transotranstransferencias,1
conversacion,1
sacarles,1
cac,1
creen,1
merezco,1
responsable,1
aburrí,1
diabética,1
dedos,1
maltratados,1
"reconoce,por",1
puuedo,1
wncuet,1
banxuco,1
despareció,1
1900y,1
poquito,1
unualidad,1
expedicion,1
compañeros,1
seguimos,1
ocupas,1
triumph,1
bonneville,1
251,1
ochocientospesos,1
guiones,1
áparese,1
efeçtivo,1
mails,1
aportación,1
perddonal,1
quietokeystaytedennumero,1
deveras,1
dossieres,1
sun,1
$672,1
aaa,1
grcs,1
choque,1
pagom,1
socios,1
respaldó,1
selfunealede,1
policia,1
vidarunhey,1
alberga,1
sede,1
ene,1
escribe,1
herman,1
gradúo,1
cami,1
jaja,1
ineficiencias,1
me.parece,1
ayudaran,1
40040,1
bolificación,1
alexa,1
siri,1
3meses,1
el.numero,1
$832510,1
comoleto,1
institucion,1
arm,1
datod,1
pien,1
iván,1
regresadl,1
78000,1
evitarlo,1
clasica,1
kyne,1
heyvan,1
independización,1
medida,1
det,1
lina,1
cuartel,1
el.pwruodo.anterior,1
una.meva,1
jajajjaa,1
le.pongo,1
el.pwruodo,1
invers,1
admite,1
congelar,1
mwdeja,1
tcd,1
eliminado,1
atribuibles,1
heipro,1
70%,1
cashbank,1
"débito,el",1
localidad,1
puedesd,1
tiktok,1
knse,1
pprq,1
bloquearía,1
400k,1
bradeacard,1
"$10,500m.n",1
negativa,1
cedo,1
"65,499",1
consideración,1
ackaracion,1
pedian,1
interno,1
intentare,1
yegara,1
tdo,1
fracciones,1
permiteme,1
ningúna,1
solicitarle,1
habilitaba,1
$1900,1
$168880,1
buenoedonde,1
funerarios,1
jimmy,1
360000,1
crédito/débito,1
funcionalidad,1
kemerovo,1
1-19500,1
estl,1
quité,1
instalado,1
"$299,000",1
"$35,000",1
puntuación,1
689,1
sinfuera,1
emgrand,1
éxitoso,1
direcciona,1
jetta,1
$10,1
gagar,1
"275,000",1
villarreal,1
muebleria,1
2100,1
reembolses,1
robolsalo,1
estés,1
signicativo,1
soll,1
nuev,1
estinses,1
pieod,1
quitaba,1
migrada,1
hackean,1
activarlos,1
ema,1
cuadro,1
introducirlo,1
robo/extravío,1
diaa,1
esk,1
héctor,1
mísma,1
actualizara,1
acreditaran,1
0%de,1
pensare,1
tramita,1
cuídate,1
téléphonie,1
compatibles,1
el.auto,1
estáblecidos,1
mindonerob,1
genuino,1
fake,1
otr,1
"$1,600",1
solicitaron,1
falso,1
estrictamente,1
reservacion,1
4050,1
emplo,1
verbalmente,1
12meses,1
paque,1
la.deuda,1
difirimientos,1
reacciones,1
salí,1
aportaremovimiento,1
tak,1
sorve,1
aceote,1
cresar,1
saner,1
relevante,1
descontarme,1
libwrar,1
harto,1
panfletitos,1
trasuna,1
consultorio,1
dental,1
cesito,1
$3000000,1
grabaciones,1
$10000,1
ajajavi,1
mhm,1
sicomo,1
intervienen,1
aclientes,1
probé,1
aprobando,1
condonan,1
convertirte,1
lmuna,1
presonal,1
extravía,1
através,1
"personal,$2000,2",1
funcuona,1
cromo,1
pesa,1
comunes,1
laminado,1
luce,1
personalizado,1
"$1,000,000",1
transferirlas,1
740,1
incienso,1
opinas,1
detalladamente,1
generales,1
dou,1
opcjines,1
pado,1
retrasandoserror,1
meanoejavi,1
determinado,1
804,1
iniciales,1
ibanco,1
tenfa,1
subcripcion,1
oasa,1
pedire,1
start,1
diferencias,1
proteger,1
autenticater,1
secion,1
retiras,1
banxicono,1
representa,1
oteacantengo,1
asé,1
mejoren,1
probado,1
aseptarlo,1
canselada,1
culés,1
otorgó,1
what,1
does,1
tenista,1
eii,1
jugando,1
principiante,1
chevron,1
comuniquen,1
aprimo,1
afanumericos,1
numericos,1
revisaran,1
gasolinera,1
rembolsan,1
asia,1
visebeesa,1
quiesiera,1
naaada,1
sie,1
lema,1
simuladpr,1
modulo,1
suponenque,1
soigitar,1
excreme,1
ecreme,1
$120000,1
moda,1
híbrido,1
mecánico,1
refacciones,1
cancelare,1
744,1
prestamepersonal,1
aveces,1
presisamente,1
festivo,1
"no,sería",1
plancando,1
mesoaaprendeaaicdelamuestaecoemcolos,1
jota,1
talde,1
maherusoenosciondepisoesme,1
penalizar,1
jibanco,1
conciente,1
qutarlo,1
tofo,1
afectan,1
liberat,1
andmamuchas,1
brindases,1
"$46,000.00",1
twitch,1
detallados,1
corro,1
concluir,1
"tarjeta,después",1
continuación,1
lap,1
memoria,1
sacaron,1
apareciera,1
104,1
desbloqueé,1
kieron,1
nimdo,1
apoyen,1
homo,1
bloquearlo,1
circulo,1
"$138,000",1
debitado,1
$30000,1
ixtapaluca,1
aceptarían,1
dimiciliacion,1
mostrarla,1
genérica,1
encontrar.i,1
dinero.pero,1
giveaway,1
shot,1
tiro,1
consultora,1
sosistemacac,1
conunicarme,1
apoyarquiero,1
siebdo,1
daado,1
sustituyo,1
ondaa,1
novio,1
titularidad,1
quiefo,1
tarheta,1
mensajería,1
asocie,1
molestar,1
anudo,1
cuarta,1
heloporque,1
astecomo,1
deseara,1
pretende,1
vendi,1
mesey,1
sse,1
elije,1
vencía,1
apere,1
6700,1
emprendimiento,1
trasladar,1
aperturó,1
recapitulando,1
comenzaría,1
ayudaaa,1
adopta,1
abuelo,1
digan,1
congo,1
ouede,1
"$70,000.00",1
450mil,1
veintitrede,1
contactarlalala,1
"850,000",1
tradiciónal,1
$65000,1
2-18,1
3-$25000,1
subsanar,1
bancoopel,1
metasehey,1
taigo,1
nuevesi,1
benotectopero,1
guardando,1
aha,1
$170000,1
"receptor,monto",1
cahs,1
momentp,1
dejas,1
ahorrita,1
"2024,sigue",1
gastado1599,1
1506,1
84.11,1
acceda,1
optemer,1
consumir,1
checan,1
garantizar,1
maximizar,1
saquen,1
informado,1
incoherencia,1
amiguito,1
diselo,1
leopardo,1
quieras,1
5000000,1
reembolsará,1
vel,1
ajustarme,1
ajusten,1
llamat,1
point,1
intercanbacaria,1
asustado,1
adquiri,1
requesitos,1
benificios,1
gastarme,1
regularmente,1
jóvenes,1
bruto,1
"159,000",1
los.movimientos,1
minimos,1
venció/expiró,1
horror,1
398000,1
tictokshow,1
pantalon,1
705,1
siiii,1
forzosos,1
3:son,1
excedió,1
camión,1
fijado,1
para.solicitar,1
esa.persona,1
venda,1
"años,hago",1
checaré,1
quekeo,1
me.la,1
caoacidad,1
dua,1
4300,1
dam,1
"1.$250,000",1
2.36,1
permitirían,1
introduciendo,1
impliquen,1
dirigida,1
eeflegare,1
yegado,1
17:11,1
prescencialmente,1
deralles,1
lantarjeta,1
twlefono,1
216000,1
supuesto,1
jaodosjpuedo,1
seleccioname,1
brindaste,1
sirvio,1
cuatrimestre,1
privada,1
reliace,1
transasiccion,1
abrirme,1
watapp,1
sacara,1
pisble,1
concide,1
auromoy,1
atddhey196798,1
reenvían,1
diferenciar,1
credtito,1
sacan,1
meeting,1
asalariado,1
"1,100,000.00",1
"$459,000",1
r3conocidos,1
3fectivo,1
motocicletas,1
"$55,000",1
motoclieta,1
"problemas,bloquearon",1
oscilar,1
intermediario,1
acomode,1
"$280,000",1
cancelat,1
cambies,1
arreglen,1
reconosidos,1
informaran,1
diferimentos,1
graciaaasss,1
further,1
police,1
working,1
independence,1
looking,1
for,1
thing,1
cobrara,1
comentados,1
mima,1
tramsferir,1
lanzado,1
identificamos,1
ingresan,1
permitiendo,1
impreso,1
"100000,4",1
quizás,1
posesiono,1
incluidos,1
orientadasel,1
gaming,1
youtuber,1
influenciar,1
sammy,1
205000,1
emganche,1
convierte,1
652000,1
porqur,1
$140000,1
hoteles,1
esperara,1
ofrecerla,1
postularme,1
meditooseleomebuejoecorrecto,1
ceeneleven,1
iso,1
1900,1
aserle,1
0.001,1
recuperación,1
copiarla,1
"10000,20000",1
acordada,1
navegar,1
coordino,1
vivir,1
aplazaba,1
diferibles,1
sncsncela,1
511442,1
oky,1
vendere,1
cantidsd,1
parcializaciines,1
parcializaciones,1
faltaste,1
pidre,1
pertenecía,1
provea,1
watupp,1
dijeran,1
aristabueno,1
tadmaneras,1
virtualmente,1
tivo,1
afuerzas,1
makenteseybank,1
servidor,1
ahorar,1
2900,1
implementación,1
recibirlos,1
configuracion,1
figurado,1
deberé,1
dnde,1
bumero,1
vehiculos,1
definitivos,1
confirmaron,1
20$,1
139.97$,1
independecira,1
resolviste,1
resueltas,1
demo,1
aparecieron,1
presentándose,1
tratado,1
319.99,1
hamburgo,1
hermanos,1
ganamos,1
aunq,1
otorgue,1
filtro,1
deseados,1
482,1
daria,1
recepcionar,1
revivir,1
descarge,1
finalizó,1
desembolso,1
sua,1
50040,1
marcaron,1
capacitado,1
echos,1
habla,1
resolber,1
cansele,1
espesifico,1
aguascalientes,1
debi,1
nadamás,1
15000-20000,1
crearle,1
agregaron,1
ojala,1
peticiones,1
javilla,1
número.que,1
que.no,1
qhe,1
cámaras,1
372,1
1918,1
327,1
sacarlos,1
subcuentas,1
principl,1
primcipal,1
sub,1
subcuenta,1
preocupe,1
vino,1
oyedo,1
aplicaciln,1
серьезно,1
jna,1
tarjegacon,1
grntia,1
cunto,1
encenté,1
miercoles,1
estacione,1
caminar,1
10:11pm,1
devolada,1
baje,1
acerque,1
402,1
duplican,1
credicto,1
correspondientes,1
2007,1
6:33,1
conservando,1
localizo,1
dorecto,1
"$780,000",1
crediyo,1
indicame,1
clients,1
xfa,1
relaciona,1
peluquería,1
protejo,1
371900,1
de.60.meses,1
del.12.49%,1
rita,1
contacto@heybanco.com,1
acredita,1
"crédito,por",1
convertirse,1
freelancer,1
vitara,1
"230,000",1
ofrecidndo,1
segufo,1
empiez,1
inhabilitada,1
don,1
ciudades,1
enecesito,1
fueloleoh,1
levantensi,1
303,1
alarece,1
simole,1
forzar,1
endeudamiento,1
4:20,1
tijuana,1
serviría,1
extraño,1
excedo,1
buscan,1
crediticias,1
externas,1
editado,1
graciasss,1
calidad,1
formatos,1
atención…,1
"$93,000",1
tramiten,1
coloque,1
corroboro,1
seguida,1
generé,1
exagero,1
barca,1
solicitalo,1
4200,1
abi,1
anunciaron,1
tresciendedosmde,1
30080,1
plstico,1
ppr,1
perdír,1
literal,1
presidente,1
ciencia,1
certificados,1
separarme,1
efectúe,1
walter,1
msjs,1
otorgas,1
"160,000",1
"$105,000",1
500mil,1
apariencia,1
enseñaba,1
ocurrirán,1
101,1
llos,1
peeguntarme,1
proporcionaron,1
174999,1
$1000000,1
quedaroʻan,1
tengoxun,1
qvhorarios,1
cuentande,1
recibirlo,1
forte,1
6mese,1
inundar,1
promoci6,1
efbuenocual,1
preguntaaa,1
eléctrico,1
mejora,1
literalmente,1
estefial,1
poseerla,1
249mil,1
saldria,1
autorizarlo,1
implicaciones,1
soporté,1
sopoete,1
satisfecho,1
identificarlo,1
indicación,1
comunicas,1
autorizas,1
puntualmente,1
formalmente,1
mantenido,1
completos,1
canalizándome,1
clinica,1
imformacion,1
firmó,1
vencey,1
actualizaré,1
aga,1
enseñame,1
perno,1
wathsapp,1
rarjeta,1
més,1
validaciin,1
formaba,1
forme,1
ttanferencia,1
torken,1
vigilante,1
penas,1
c155044,1
defender,1
recreativo,1
150k,1
320k,1
faltaría,1
sincronisar,1
sincronizarce,1
carnal,1
apruebamelo,1
añoses,1
cuentahey,1
logica,1
emite,1
molesta,1
195640,1
soctiabank,1
pese,1
atddhey195340,1
de.una,1
ivan,1
arregle,1
preguntado,1
haceptas,1
sabido,1
мед,1
saldrá,1
471900,1
comprendo,1
hacerlos,1
"verificación,marco",1
$310000,1
descompuso,1
coreecta,1
ayudae,1
*branch,1
biometria,1
"799,000",1
dure,1
itesm,1
impacta,1
quitaré,1
eliminan,1
automatres,1
personao,1
muestres,1
gistaria,1
penalizado,1
"70,000.00",1
incrementarlo,1
gustará,1
disculpame,1
apunte,1
creear,1
creditoauto,1
diferiero,1
dei,1
307000,1
biotops,1
"$130,000.00",1
elmoroceso,1
moticileta,1
92800,1
namas,1
7.50%,1
metieron,1
apoco,1
sobregirar,1
preparar,1
carlos,1
quiniento,1
601,1
walmar,1
fallece,1
pagamos,1
demostrar,1
contestando,1
quisiere,1
320mil,1
45mil,1
cotizamelp,1
consular,1
negativos,1
adeah406,1
yendo,1
6911,1
redito,1
volverlo,1
nunnuevo,1
quo,1
porquennonspsrecennmis,1
enque,1
específicas,1
erro,1
b209,1
receive,1
money,1
from,1
cuenda,1
encantaría,1
cancelaciones,1
"$51,000.00",1
reconocid,1
garantizads,1
inverti,1
vere,1
"14,239.00",1
edébito,1
especificaciones,1
monedero,1
reconocído,1
ahorres,1
liberarla,1
acredité,1
benores,1
módulos,1
treviño,1
transferenciasl,1
remover,1
domicilo,1
cósmico,1
“mi,1
rebote,1
trasfiero,1
vliente,1
tranitar,1
originak,1
benefiy,1
cuentla,1
vee,1
banragio,1
confirmadconfirmada,1
abancopen,1
creó,1
intete,1
sicronizar,1
ilícita,1
atdchey101410,1
vencidada,1
pertenezco,1
carrito,1
heyde,1
dsme,1
nuemro,1
requieee,1
closet,1
kitar,1
comprs,1
puedehacer,1
ciega,1
enn,1
denegrado,1
1250,1
37%,1
hisar,1
xbox,1
minecraft,1
bedrock,1
java,1
deluxe,1
desbloquearmela,1
inusual,1
errod,1
mude,1
elnestatus,1
enviame,1
raclamo,1
apare,1
maut,1
incentivo,1
depocitos,1
hey.inc,1
reemplazó,1
co.o,1
dirigió,1
remitly,1
salado,1
eoxtoera,1
telfono,1
caín,1
imprimiré,1
desaparecer,1
elimine,1
añadi,1
“alias,1
destino”,1
renovara,1
compartidos,1
311,1
00046247,1
suspendió,1
sospecha,1
tatjrta,1
vro,1
pap,1
errored,1
domicilios,1
indicando,1
pusiera,1
pedida,1
aunentara,1
lar,1
disminución,1
xlientes,1
intenciones,1
spoporte,1
impuestas,1
autoridades,1
reguladoras,1
regresarían,1
808546,1
31.19,1
descuenten,1
926,1
fibras,1
convenios,1
pecio,1
reviviendo,1
pidiéndome,1
supuestos,1
mini,1
celulat,1
pagoas,1
penalizaría,1
procesarlo,1
confirmados,1
ocupando,1
quiet,1
gané,1
tache,1
tecle,1
lhola,1
moment,1
me.pide,1
vodigo,1
regrésenme,1
exeder,1
407,1
fiduciaria,1
brindaron,1
multiplataforma,1
399,1
523,1
lamentamos,1
reconocible,1
garantíasada,1
pierda,1
impresa,1
me.contacto,1
pasaste,1
144,1
reastreae,1
aplee,1
effective,1
cake,1
sebloqueadas,1
ingresae,1
dervicio,1
xargo,1
cell,1
contenga,1
hackearme,1
tafetán,1
hhice,1
526,1
renovaron,1
entigua,1
tocar,1
meda,1
envíaflores.com,1
hayan,1
adjuntar,1
capturas,1
desparcializar,1
temi,1
165,1
internamente,1
encargado,1
bande,1
jugar,1
tine,1
contraseñas,1
declina,1
dito,1
promisión,1
lla,1
activ,1
enfrente,1
puedousar,1
acumula,1
men’s,1
vuentas,1
automatizado,1
kioskos,1
virtial,1
elar,1
desbloqueadas,1
bajando,1
tarjrta,1
salto,1
napoli,1
"havi,quiero",1
medico,1
transfiriero,1
avisto,1
aplicando,1
trabajaron,1
49043,1
figuras,1
apppay,1
inpuestos,1
ecatepec,1
repososcion,1
ipab,1
payment,1
not,1
supported,1
ordenar,1
el.extranjwro,1
desboque,1
13mil,1
transferirlo,1
eise,1
llévate,1
diariamentiariamente,1
autentificación,1
aprobancion,1
pondrá,1
limpié,1
regenerar,1
acedor,1
sorteo,1
mios,1
encontro,1
atnt,1
mitotalplay,1
tenese,1
enviarlos,1
egreso,1
excel,1
cashbackc,1
vencí,1
interess,1
permito,1
5:25,1
aprobé,1
electricidad,1
exigible,1
construyendo,1
$1224,1
paquetera,1
neto,1
2800,1
voluntarios,1
heynegocios,1
418,1
extravío/robo,1
pandora,1
$6000,1
levabtar,1
obtenga,1
compraré,1
desbloquearan,1
desbloqueda,1
dobles,1
federacion,1
conocimos,1
entrante,1
preferible,1
avtivaba,1
unacuenta,1
peticion,1
jercagas,1
prospecto,1
chtm,1
habar,1
unir,1
interbancariinterbancaria,1
emision,1
paes,1
ayuntamiento,1
restablese,1
aestados,1
voluntariamente,1
inmeidato,1
desacociar,1
confirmando,1
avisó,1
encotrar,1
27.06,1
mnm,1
coloca,1
ender,1
ramente,1
heybahey,1
encuento,1
moonpay,1
vulnerada,1
algonquin,1
fisiva,1
olvidarme,1
telcek,1
podber,1
podian,1
hacepuedo,1
demonina,1
identifica,1
sucedido,1
localización,1
desinstalé,1
carpeta,1
rebaje,1
desparcializcen,1
figurar,1
rebajaran,1
me.xobra,1
garantoa,1
restructurar,1
dich,1
bitcoin,1
tto,1
conpras,1
marcaba,1
borrara,1
idealmente,1
positiva,1
personalizam,1
bradescard,1
nuvtarjeta,1
protegidas,1
"169,000",1
configurados,1
lamtarjeta,1
cargo?”,1
cumplirse,1
locaciones,1
aquel,1
recomendados,1
len,1
ete,1
efess,1
llegony,1
cambiarmela,1
creditp,1
shope,1
segumiento,1
earjera,1
sabrás,1
banoc,1
compadre,1
cvc,1
desactiva,1
crecería,1
acuerda,1
acccion,1
trs,1
tarjeds,1
0agos,1
aoarece,1
dígase,1
firmarla,1
interbanca,1
devuelves,1
movimientow,1
clinte,1
lovi,1
yesstyle,1
completado,1
*wl,1
valve,1
traditional,1
3542576,1
olvidado,1
nomme,1
aauto,1
haer,1
llo,1
patrimonial,1
establecimientospuedo,1
quieroooo,1
inalambrico,1
119,1
chocaron,1
idénticos,1
diaro,1
restantes,1
3099.75,1
$32739.19,1
desesperada,1
agradecer,1
américan,1
retirarla,1
kiruo,1
estalwalet,1
aseso,1
logramos,1
update,1
carar,1
crèdito,1
extraviar,1
tatjet,1
fular,1
heybancobanco,1
liberación/devolución,1
compártanme,1
auotomotriz,1
ejecutivo/asesor,1
veintiis,1
error…,1
revisamos,1
“bugeada”,1
lento,1
monto…,1
buquiero,1
apagó,1
comr9bante,1
“tap”,1
"$25,971.34",1
compuesto,1
nafindx,1
regelejado,1
horton,1
depocitar,1
comprometidos,1
75mil,1
pólizas,1
acuerdos,1
$392.91,1
confirmarla,1
ínterbancaria,1
expiracion,1
dad,1
argenta,1
atddhey197111,1
crema,1
unaigurar,1
45500,1
fon,1
incrementa,1
aplastadograciascomo,1
aplastado,1
difieran,1
civil,1
ganaria,1
batallar,1
😵‍💫,1
llegsdo,1
contratatar,1
232,1
rejiste,1
"12,900",1
oftece,1
"iva,no",1
rebasa,1
quieronteres,1
acupado,1
rendimietno,1
devolvio,1
sibutilizo,1
10339,1
14000,1
descontará,1
flechas,1
vigita,1
tratada,1
apretando,1
setecientos,1
intebtos,1
acercando,1
dímelo,1
requisitar,1
incidencia,1
mie,1
stado,1
hacesor,1
apeo,1
nones,1
consubanco,1
saturada,1
registraba,1
v.10.102,1
secure,1
confirmarlo,1
notado,1
gire,1
concluido,1
linkear,1
cierrar,1
tocten,1
“la,1
iphone.”,1
numer,1
wpp,1
barejio,1
temporalme,1
"ustedes,que",1
desbloquearon,1
0.0,1
asistencis,1
contactarlo,1
conde,1
0.00,1
yo.no.realice,1
captinea,1
cabcelo,1
retirp,1
declinó,1
tarjera,1
losm100,1
depositados,1
levanta,1
recientes,1
manualidad,1
andos,1
actualizará,1
marchame,1
unca,1
avilita,1
cmbiar,1
precisos,1
duplicando,1
itinerario,1
chevar,1
comí,1
sinbtargeta,1
avían,1
marcado,1
"de,mis",1
tendras,1
sprinter,1
seguiddo,1
quisieea,1
compartirle,1
cuetirle,1
excedi,1
rastre,1
19by,1
especificado,1
estadentro,1
cuanot,1
transfecer,1
tecnias,1
rto,1
equivocarme,1
trabajera,1
activaron,1
temrininos,1
deposun,1
puedp,1
operadores,1
estaeceen,1
compracer,1
baratas,1
hiceron,1
brrgmtyxxx,1
aparatado,1
$695.04,1
bursa,1
mtu,1
"59,000",1
jacen,1
"días,no",1
teconocido,1
emitirse,1
alos,1
nuemero,1
solicote,1
tokeb,1
transferred,1
presionarla,1
exceso,1
declave,1
estay,1
desparcializo,1
10.000,1
asignaron,1
reintegra,1
aparecían,1
afores,1
aumentados,1
video,1
paj,1
8:01,1
verificación”,1
conseguí,1
quuero,1
desbloque,1
"$700,000",1
esde,1
entonentonces,1
regi,1
ambio,1
banva,1
20/03/26,1
improcedente…,1
cierran,1
recuperas,1
perfecta,1
credital,1
cfedito,1
0qie,1
tranfiera,1
cbu,1
sufre,1
comparación,1
emigren,1
tradica,1
busca,1
decrastreo,1
intents,1
reconocio,1
transferrncia,1
agrege,1
cinema,1
robado,1
habñar,1
difeir,1
eldepósito,1
rayas,1
personita,1
109,1
americas,1
teito,1
orizaba,1
veracruz,1
creditocredito,1
benefisiarios,1
630,1
trabo,1
congelo,1
agregados,1
concretó,1
llaman,1
$3170,1
eflejarse,1
habian,1
finamex,1
paa,1
apel,1
andmiifot,1
selecciona,1
aplicacioplicacion,1
investigaras,1
scuanto,1
trhico,1
pirque,1
isuario,1
garmin,1
respaldo,1
eliminen,1
enrolarla,1
portador,1
cue,1
actualizarme,1
efectivoectivo,1
traje,1
“hey,1
nomina”,1
suelen,1
identifier,1
ener,1
vproceso,1
reportada,1
aclarsciones,1
arrojó,1
staff,1
transfieras,1
aceptable,1
estimados,1
517.00,1
sugiero,1
simultáneamente,1
hate,1
navegador,1
intensificó,1
acutualizacion,1
feo,1
vinieron,1
tocaron,1
"$16,700",1
canelar,1
liquidara,1
reactiva,1
transferirte,1
acectara,1
padres,1
acalararion,1
referencial,1
sami,1
credicredito,1
veinteveinticinco,1
caliente,1
libertad,1
comison,1
comiciones,1
avisos,1
ganantia,1
trasfieran,1
austravio,1
virtua,1
aunentar,1
colegiatura,1
española,1
defirimiento,1
reconkdidn,1
nominales,1
tomado,1
apellidos,1
recuperada,1
electra,1
ordeno,1
tótem,1
notando,1
domicializaciones,1
brindarme,1
alcanzado,1
llela,1
encargo,1
logrado,1
telefonia,1
seleccion,1
aumentame,1
capturado,1
walled,1
informe,1
cifra,1
clietes,1
cadhback,1
1305,1
entregarme,1
tirar,1
erroneo,1
puedochecar,1
clono,1
tócate,1
acumular,1
complica,1
actualizarlos,1
identificadas,1
interactive,1
brokers,1
debit,1
conosco,1
arsth822,1
contratasa,1
bpro,1
reactivación,1
combo,1
reoete,1
11/03/2026,1
ilimitar,1
“error,1
bin”,1
dependide,1
ajeros,1
bajico,1
ico,1
jada,1
obtén,1
extranjelo,1
accederala,1
tallos,1
extrangerlo,1
conectada,1
graduaron,1
archivos,1
retrasa,1
direccbiar,1
debita,1
declaraciónes,1
iniciada,1
cansada,1
universal,1
viejita,1
terminalesb,1
eresivido,1
atddhey196503,1
ncesito,1
ocupan,1
heubanco,1
reembolsa,1
cok,1
ratreo,1
ard,1
elementos,1
298,1
resultado,1
3518357,1
configuró,1
abisapuede,1
me.hace,1
boletia,1
descagar,1
blockeada,1
gogle,1
aple,1
comorar,1
cpbro,1
bcp,1
recibídas,1
banda,1
reflejado...a,1
transfierieron,1
yege,1
rwportes,1
escogiera,1
30/01/2026,1
04/03/2026,1
nisiquiera,1
reducción,1
645,1
254,1
incluyen,1
llenando,1
realización,1
cie,1
mendaron,1
deposoto,1
liquidó,1
electrónicos,1
conectarse,1
escane,1
izzi,1
blqueada,1
proporciones,1
banhey,1
aparezco,1
estudiante,1
remplaso,1
internal,1
asociación,1
abm,1
motriz,1
lo.quitaron,1
saberla,1
beynegosazues,1
saheromol,1
entondotec,1
caducan,1
remediar,1
fintual,1
sibte,1
bbv,1
0.03,1
puros,1
hun,1
$456.50,1
sporgramadas,1
obkigatoria,1
usarka,1
inbitar,1
antiguas,1
traba,1
dominio,1
célula,1
comrpa,1
transacción..me,1
avía,1
cundo,1
60.pesos,1
atdchey100498,1
domicilizacion,1
requinientos,1
409,1
07/26,1
validacio,1
ultio,1
sanborns,1
combina,1
regresarse,1
reitero,1
hucieron,1
abonaron,1
3092,1
modalidad,1
barco,1
corporativa,1
pass,1
lleg,1
"$32,000",1
tratan,1
dojitos,1
agana,1
mandarán,1
regresarla,1
volvio,1
salda,1
liberará,1
aprovobado,1
limited,1
transaction,1
ni0,1
webb,1
constituir,1
atddhey195105,1
absorbe,1
economica,1
tdcg,1
desechar,1
cumunicarme,1
brando,1
suspendido,1
movimento,1
"caduco,como",1
blokiada,1
cenar,1
472,1
preventivo,1
factoraje,1
órdenes,1
agregará,1
visrtual,1
amplío,1
codere,1
interesen,1
hila,1
vacio,1
gpay,1
atenc9n,1
sibrealize,1
estus,1
modificó,1
extorsión,1
escribi,1
contestó,1
refljan,1
app+,1
recogerlo,1
tartjeta,1
parai,1
séptimo,1
cargos/,1
fraude”,1
salso,1
calve,1
trabas,1
pretextos,1
cortar,1
ajolotarjeta,1
domde,1
tie,1
aentos,1
impidiendo,1
erraste,1
credite,1
bamco,1
expandir,1
janesitovasaver,1
149,1
instentar,1
pager,1
credidi,1
negras,1
debajo,1
ofrecerían,1
12:14,1
cesion,1
hallo,1
nievo,1
york,1
compráramos,1
retires,1
notifique,1
expedición,1
coddi,1
tarjei,1
regresarseme,1
eñun,1
transfeencia,1
disiponer,1
conserve,1
havlar,1
vistrual,1
habalr,1
reposiciin,1
mi.numero,1
extiendo,1
compárteme,1
dea,1
paypay,1
estadonde,1
afore,1
odio,1
banrreguio,1
estara,1
imán,1
prosperidad,1
"$34,000",1
reglado,1
twrj,1
806666,1
ecuenta,1
terminarlo,1
indisponible,1
500.00,1
educativo,1
tolentino,1
firme,1
subi,1
10%de,1
$563.75,1
pastelerua,1
dary,1
queen,1
pasteleria,1
higualmente,1
ida,1
$119,1
oasteleria,1
$90,1
ti”,1
reference,1
haberla,1
duales,1
raros,1
jalando,1
reversear,1
naciomal,1
resividas,1
costigo,1
restringido,1
ejecitivo,1
aobre,1
tarejeta,1
permeablecual,1
reconocifo,1
internancaria,1
sobrecargos,1
salario,1
llamarlos,1
tojen,1
satura,1
mastercard,1
aprecia,1
sali,1
apliqué,1
prendo,1
hotro,1
areli,1
remboldo,1
"virtual,donde",1
beneficiod,1
fallaa,1
comisio,1
pixel,1
cuavta,1
"desde,oxxo",1
caratulo,1
cajeró,1
limure,1
‘further,1
consignee,1
needed’,1
8275124244,1
‘returned,1
shipper’,1
sospechos,1
retirarlas,1
wats,1
popular,1
trajera,1
defectos,1
jalaraciones,1
coches,1
avise,1
caen,1
mándale,1
momentsun,1
refencia,1
la.liquidacion,1
his,1
prudente,1
limbo,1
"55,000.00",1
anunciado,1
vulneraron,1
8094,1
anco,1
arrastrear,1
taketeja,1
numeraciones,1
terner,1
vepunto,1
sica,1
programan,1
atc,1
creaste,1
noooo,1
evolucionó,1
solisitar,1
encuentras,1
“deseo,1
saldo.”,1
“créditos,1
hey”,1
gaybanco,1
cambiaste,1
partos,1
podían,1
sinembargo,1
ferir,1
refactura,1
trasfiera,1
$10.000,1
ratito,1
taruna,1
gustariame,1
sacaba,1
contracargo,1
bloporque,1
sugerir,1
shopping,1
abundancia,1
encantó,1
harian,1
administr,1
"$7,074.90",1
cuenta.”,1
conteo,1
beba,1
lectura,1
dañaba,1
invercion,1
cómputo,1
necesarias,1
salia,1
servi,1
rastraear,1
tomas,1
per6,1
milimite,1
levantaras,1
compensaciones,1
gustara,1
hacian,1
deto,1
actualizarían,1
liquidarlos,1
escuchado,1
"35,000$",1
“aclaraciones”,1
topada,1
tarjer,1
porta,1
deduce,1
antier,1
fallecimoneto,1
contaba,1
resaltar,1
vuelbe,1
limpiar,1
parecen,1
apreté,1
cuadrito,1
palomita,1
4570,1
wolt,1
bicolor,1
tareta,1
compu,1
copiando,1
6:10,1
paraarcar,1
regalas,1
regresada,1
definir,1
insentivo,1
coni,1
adquiriente,1
neceste,1
qntencion,1
ponganse,1
pilas,1
ferencia,1
$40,1
leche,1
carnation,1
retener,1
710,1
mercancia,1
inicuo,1
débito¿cómo,1
canadienses,1
accla,1
seleccionada,1
momentomomento,1
cancun,1
completarlo,1
atddhey195176,1
regiob,1
duferimiento,1
cumpleaños,1
efectuados,1
renovarlas,1
203,1
won,1
permitieron,1
hicieran,1
reos,1
hauedo,1
desbloqueará,1
tode,1
dtc,1
enojo,1
bitacora,1
reconozido,1
recargaa,1
apruebo,1
trasfiere,1
observa,1
párese,1
produciendo,1
ésto,1
reprogramación,1
disminuye,1
transferir.as,1
330,1
sopor,1
nesecoto,1
esquina,1
lincuenta,1
actualizaciónes,1
como.obtener,1
cep.de.una,1
peruna,1
instalación,1
què,1
desconocifo,1
predeterminado,1
viapass,1
enterar,1
requirió,1
rembolsar,1
hii,1
alimentar,1
programadad,1
rebajando,1
mandárselos,1
feria,1
barcelona,1
xoom,1
veía,1
minñimite,1
personale,1
cueen,1
aicm,1
santiago,1
tranuna,1
salarien,1
sari,1
estatu,1
dependiente,1
vouchr,1
publicaciones,1
somo,1
migra,1
comocer,1
exitosas,1
bait,1
agebte,1
redujo,1
bloqueas,1
$71500,1
4.0%,1
$5342.....dónde,1
hatencion,1
3550250,1
equivocaron,1
$600mxn,1
eliminarla,1
acreeeor,1
avisarles,1
comsultar,1
trasacciones,1
atn,1
deposítame,1
atddhey197902,1
deteriorada,1
oay,1
hablarexon,1
22/diciembre,1
/2025,1
orejón,1
invursa,1
explicacion,1
evidentemente,1
falsos,1
marcarlo,1
ntaejavi,1
cargamos,1
nme,1
canbiar,1
east,1
desfieran,1
oportunidadesdades,1
recorde,1
credto,1
actuva,1
creada,1
accionista,1
consolidación,1
injustificado,1
habré,1
nesesita,1
espersr,1
crdtito,1
quferencias,1
inversions,1
operators,1
chekes,1
extavio,1
lno,1
570,1
bríndame,1
$599,1
excesiva,1
informainformacion,1
verificador,1
solicitor,1
yobya,1
cuentadar,1
irán,1
añadirla,1
programas,1
"de2,333.04",1
583,1
novedades,1
precedo,1
pye,1
marcarle,1
contcto,1
minimas,1
biográficos,1
3veces,1
crédito’,1
reactivo,1
levantado,1
"noches,no",1
transigiere,1
cula,1
desvinculo,1
fraudulentos,1
aplicada,1
perderla,1
firmando,1
servio,1
arsth854,1
"cobro,ya",1
respondieron,1
despliegue,1
listadas,1
bmv,1
deseó,1
bancas,1
mexpop,1
infecta,1
repetitivos,1
access,1
barras,1
viometrica,1
garzntia,1
atddhey193626,1
asocia,1
tokin,1
dondeveo,1
fisisca,1
28/01/25,1
guarda,1
daño,1
bota,1
liquidie,1
viator,1
camcelar,1
electeonico,1
anticipación,1
c9ncepto,1
reintegrara,1
cobreado,1
indebidamente,1
conectarme,1
rembolsarme,1
resolveran,1
vitual,1
tarja,1
ada,1
trasferida,1
diarea,1
space,1
despidieron,1
injustificadamente,1
siginifica,1
relación,1
consta,1
veinticuatl,1
vepuedo,1
ncia,1
sabi,1
el.mensaje,1
validó,1
obtenidos,1
complicada,1
"$14,000",1
gestionarlo,1
compartan,1
pensaron,1
49.90,1
melimas,1
compraronaron,1
provienen,1
viajare,1
42000.00,1
nusaco,1
tarpues,1
extraccion,1
blanca,1
energía,1
eléctrica,1
aplazó,1
$319,1
meterán,1
clonar,1
portan,1
ququisiera,1
tallepor,1
cuens,1
reflejando,1
presentan,1
comusion,1
vrtual,1
completarse,1
compatible,1
notificarlo,1
rechezado,1
volvera,1
depasitar,1
nomenclatura,1
proporcionen,1
tokwn,1
"hola,me",1
asus,1
protegido,1
nueve,1
cmcelar,1
viajero,1
xomo,1
wahtsapp,1
mintrajet,1
acciónes,1
bursátiles,1
adquiriendo,1
estadounidense,1
neobanco,1
aparezcan,1
profil,1
ancia,1
centee,1
posever,1
revolventes,1
javien,1
recierdo,1
dociliados,1
activados,1
recuerde,1
extraña,1
perse,1
graduarla,1
tranaferiran,1
triplicó,1
aclarara,1
dde,1
unamedio,1
nes,1
apelabanaesspeedoaydonde,1
compara,1
psa,1
agg,1
corñdigo,1
medice,1
camcelo,1
ptarjeta,1
muebkeria,1
troncoso,1
provicional,1
regulación,1
